-- phpMyAdmin SQL Dump
-- version 4.5.1
-- http://www.phpmyadmin.net
--
-- Хост: 127.0.0.1
-- Время создания: Фев 02 2018 г., 19:07
-- Версия сервера: 10.1.16-MariaDB
-- Версия PHP: 7.0.9

SET SQL_MODE = "NO_AUTO_VALUE_ON_ZERO";
SET time_zone = "+00:00";


/*!40101 SET @OLD_CHARACTER_SET_CLIENT=@@CHARACTER_SET_CLIENT */;
/*!40101 SET @OLD_CHARACTER_SET_RESULTS=@@CHARACTER_SET_RESULTS */;
/*!40101 SET @OLD_COLLATION_CONNECTION=@@COLLATION_CONNECTION */;
/*!40101 SET NAMES utf8mb4 */;

--
-- База данных: `tvdb`
--

-- --------------------------------------------------------

--
-- Структура таблицы `add_bal`
--

CREATE TABLE `add_bal` (
  `id` int(11) NOT NULL,
  `usid` varchar(255) NOT NULL,
  `amount` varchar(255) NOT NULL,
  `trx` varchar(255) NOT NULL,
  `description` varchar(255) NOT NULL,
  `tm` varchar(255) NOT NULL,
  `source` varchar(255) NOT NULL
) ENGINE=MyISAM DEFAULT CHARSET=utf8;

--
-- Дамп данных таблицы `add_bal`
--

INSERT INTO `add_bal` (`id`, `usid`, `amount`, `trx`, `description`, `tm`, `source`) VALUES
(1, '53', '100', '1', '1', '1', 'asdas');

-- --------------------------------------------------------

--
-- Структура таблицы `admin`
--

CREATE TABLE `admin` (
  `id` int(11) NOT NULL,
  `username` varchar(100) NOT NULL,
  `password` varchar(191) NOT NULL,
  `sid` varchar(255) NOT NULL,
  `remember_token` varchar(100) NOT NULL
) ENGINE=MyISAM DEFAULT CHARSET=utf8;

--
-- Дамп данных таблицы `admin`
--

INSERT INTO `admin` (`id`, `username`, `password`, `sid`, `remember_token`) VALUES
(1, 'admin', '$2y$10$6gq62QyPBneBaorfnpZ4O.3nuhNFa0pID1G4YMlNQH4OGPxkseJnK', 'ff5ef7c8f92943408e3707e9df7e4417', ''),
(2, 'abir', '9ab209d66a9bf2250d7f56cc4b3b125d', '0', '');

-- --------------------------------------------------------

--
-- Структура таблицы `channel`
--

CREATE TABLE `channel` (
  `id` int(11) NOT NULL,
  `cnm` varchar(255) NOT NULL,
  `typ` varchar(255) NOT NULL,
  `code` blob NOT NULL,
  `img` varchar(255) NOT NULL
) ENGINE=MyISAM DEFAULT CHARSET=utf8;

--
-- Дамп данных таблицы `channel`
--

INSERT INTO `channel` (`id`, `cnm`, `typ`, `code`, `img`) VALUES
(12, 'FilmOn Boxing', '2', 0x3c696672616d652077696474683d2233323022206865696768743d2232343022207372633d22687474703a2f2f7777772e66696c6d6f6e2e74762f74762f6368616e6e656c2f6578706f72743f6368616e6e656c5f69643d3331343361616e6e646461616e6e64646175746f506c61793d3022206672616d65626f726465723d22302220616c6c6f7766756c6c73637265656e3e203c2f696672616d653e, '1506192108..png'),
(9, 'AFL Classic', '1', 0x3c696672616d652077696474683d2233323022206865696768743d2232343022207372633d22687474703a2f2f7777772e66696c6d6f6e2e74762f74762f6368616e6e656c2f6578706f72743f6368616e6e656c5f69643d39383061616e6e646461616e6e64646175746f506c61793d3022206672616d65626f726465723d22302220616c6c6f7766756c6c73637265656e3e203c2f696672616d653e, '1506192108..png'),
(15, 'National', '1', 0x3c696672616d652077696474683d2233323022206865696768743d2232343022207372633d22687474703a2f2f7777772e66696c6d6f6e2e74762f74762f6368616e6e656c2f6578706f72743f6368616e6e656c5f69643d39383061616e6e646461616e6e64646175746f506c61793d3022206672616d65626f726465723d22302220616c6c6f7766756c6c73637265656e3e203c2f696672616d653e, '1506173604..png'),
(16, 'NEW', '1', 0x3c696672616d652077696474683d2233323022206865696768743d2232343022207372633d22687474703a2f2f7777772e66696c6d6f6e2e74762f74762f6368616e6e656c2f6578706f72743f6368616e6e656c5f69643d3961616e6e646461616e6e6464383061616e6e646461616e6e64646175746f506c61793d3022206672616d65626f726465723d22302220616c6c6f7766756c6c73637265656e3e203c2f696672616d653e, '1506192108..png'),
(17, 'Demo Channel', '1', 0x3c696672616d65207372633d22687474703a2f2f7777772e7a656e676174762e636f6d2f656d6265643f763d38643663666566302d363434372d343761622d383766342d3138313963316333663239612e68746d6c26743d6c6976652220206865696768743d22343030222077696474683d223130302522206672616d65626f726465723d223022207363726f6c6c696e673d226e6f2220616c6c6f7766756c6c73637265656e3d2274727565223e3c2f696672616d653e, '1506573520.png'),
(18, 'asdas', '2', 0x61736c646a736c, 'nopic.png');

-- --------------------------------------------------------

--
-- Структура таблицы `features`
--

CREATE TABLE `features` (
  `id` int(11) NOT NULL,
  `name` varchar(255) NOT NULL,
  `stext` text NOT NULL,
  `icon` varchar(255) NOT NULL
) ENGINE=MyISAM DEFAULT CHARSET=utf8;

--
-- Дамп данных таблицы `features`
--

INSERT INTO `features` (`id`, `name`, `stext`, `icon`) VALUES
(1, 'BEST SPEED2', 'Lorem ipsum dolor sit amet, consectetur adipisicing elit, sed do eiusmod tempor incididunt ut labore et', 'fa-tachometer'),
(2, '24/7 DEDICATED SUPPORT', 'Lorem ipsum dolor sit amet, consectetur adipisicing elit, sed do eiusmod tempor incididunt ut labore et', 'fa-headphones'),
(3, 'INSTALATIONS AND SETUP', 'Lorem ipsum dolor sit amet, consectetur adipisicing elit, sed do eiusmod tempor incididunt ut labore et', 'fa-cogs'),
(4, 'EXCLUSIVE OFFERS', 'Lorem ipsum dolor sit amet, consectetur adipisicing elit, sed do eiusmod tempor incididunt ut labore et', 'fa-trophy'),
(7, 'BEST SPEED', 'Lorem ipsum dolor sit amet, consectetur adipisicing elit, sed do eiusmod tempor incididunt ut labore easdst', 'fa-tachometer');

-- --------------------------------------------------------

--
-- Структура таблицы `feedback`
--

CREATE TABLE `feedback` (
  `id` int(11) NOT NULL,
  `message` text NOT NULL,
  `user_id` varchar(10) NOT NULL,
  `receiver` varchar(100) DEFAULT NULL,
  `created_at` timestamp NULL DEFAULT NULL,
  `updated_at` timestamp NULL DEFAULT NULL,
  `read_at` datetime DEFAULT NULL
) ENGINE=InnoDB DEFAULT CHARSET=utf8;

--
-- Дамп данных таблицы `feedback`
--

INSERT INTO `feedback` (`id`, `message`, `user_id`, `receiver`, `created_at`, `updated_at`, `read_at`) VALUES
(1, 'asdasd', '60', NULL, '2018-01-30 11:05:40', '2018-01-30 11:05:40', NULL),
(2, 'qweqweqw`', '60', NULL, '2018-01-30 11:11:45', '2018-01-30 11:11:45', NULL),
(3, 'adas', '65', 'admin', '2018-02-01 02:15:46', '2018-02-01 02:15:46', NULL),
(4, 'asdas', '65', 'admin', '2018-02-01 02:16:52', '2018-02-01 02:16:52', NULL),
(5, 'asdasdkj', 'admin', '65', '2018-02-01 02:17:17', '2018-02-01 02:17:17', NULL),
(6, 'ajsdkkasljd', '65', 'admin', '2018-02-01 02:20:55', '2018-02-01 02:20:55', NULL),
(7, 'asdasd', '65', 'admin', '2018-02-01 02:34:23', '2018-02-01 02:34:23', NULL),
(8, 'asdasd', '67', 'admin', '2018-02-01 04:45:31', '2018-02-01 04:45:31', NULL);

-- --------------------------------------------------------

--
-- Структура таблицы `forgot_pass`
--

CREATE TABLE `forgot_pass` (
  `id` int(11) NOT NULL,
  `usid` varchar(255) NOT NULL,
  `code` varchar(255) NOT NULL,
  `status` varchar(255) NOT NULL
) ENGINE=MyISAM DEFAULT CHARSET=utf8;

--
-- Дамп данных таблицы `forgot_pass`
--

INSERT INTO `forgot_pass` (`id`, `usid`, `code`, `status`) VALUES
(1, '19', 'e831361ecc8de220e08390d63d861dc6', '0'),
(2, '19', 'dc62be6f9ed5ccdeb260c6db7c8b1693', '0'),
(3, '19', '2a6fc5618acfc3a67cbf183286cfd3e8', '1'),
(4, '5', '93750f59d42c0cd5e6f9f9d1b2a4c6a0', '0'),
(5, '14', '5d7d594f0eb43471a3acf7da85d50d08', '0'),
(6, '5', 'a4805deb18a7ad5007ec0ad4838ae0c4', '0'),
(7, '6', '6d551a1d10ebc3e33fbc00228b61154e', '0'),
(8, '53', '9cf0807fd76bb44bc1afeb0e34561fb5', '0');

-- --------------------------------------------------------

--
-- Структура таблицы `general_setting`
--

CREATE TABLE `general_setting` (
  `id` int(11) NOT NULL,
  `sitetitle` varchar(255) NOT NULL,
  `paypal` varchar(255) NOT NULL,
  `head` varchar(255) NOT NULL,
  `htext` blob NOT NULL,
  `p1` varchar(11) NOT NULL,
  `p2` varchar(11) NOT NULL,
  `p3` varchar(11) NOT NULL,
  `p4` varchar(11) NOT NULL,
  `about` text NOT NULL,
  `social` text NOT NULL,
  `color` text NOT NULL,
  `mobile` varchar(255) NOT NULL,
  `email` varchar(255) NOT NULL,
  `logo` varchar(190) DEFAULT NULL,
  `icon` varchar(190) DEFAULT NULL
) ENGINE=MyISAM DEFAULT CHARSET=utf8;

--
-- Дамп данных таблицы `general_setting`
--

INSERT INTO `general_setting` (`id`, `sitetitle`, `paypal`, `head`, `htext`, `p1`, `p2`, `p3`, `p4`, `about`, `social`, `color`, `mobile`, `email`, `logo`, `icon`) VALUES
(1, '911 tv', 'abirkhan75@hotmail.com', 'What Is Live TV', 0x3c68343e4c6f72656d20697073756d20646f6c6f722073697420616d65742c20636f6e7365637465747572206164697069736963696e6720656c69742e20456f7320636f72706f72697320696e76656e746f72652c206e6f626973206e656d6f2c20697573746f207072616573656e7469756d206c61626f72652072656d20626c616e646974696973207175616d2c20637570696469746174652071756962757364616d206964206d6178696d6520616c69717569642063756d2e20526570656c6c656e64757320726174696f6e652c20646f6c6f72656d717565207365642074656e6574757220696e76656e746f72652e20496d70656469742c2065697573207061726961747572207175692c20616220696e76656e746f726520656c6967656e64692064656269746973207175697320736974206c61626f72756d20636f6d6d6f646920717561657261742071756964656d2c2073617069656e7465206f6d6e6973206174717565206675676961742071756961206975726520656171756520636f6e73657175756e747572213c2f68343e0d0a266e6273703b0d0a204d61676e6920726570726568656e646572697420636f6d6d6f646920696c6c756d20666163696c697320746f74616d2076657269746174697320657373652061737065726e617475722071756f2066616365726520686963212051756962757364616d20697461717565206d6178696d65206e756c6c6120616c697175616d2c20646f6c6f72657320706572666572656e6469732064656c65637475732e20417574206d6f6c6c6974696120706f72726f2061206c61626f72696f73616d20726570656c6c617420726174696f6e6520706f7373696d757320746f74616d20646f6c6f7265732065782074656e657475722071756f73207265637573616e64616520656f7320667567696174207175616d206d6f6c6573746961652076656e69616d206465736572756e7420736f6c757461206d6178696d6520697573746f20726572756d2c2074656d706f726120766f6c757074617320736564214c6f72656d20697073756d20646f6c6f722073697420616d65742c20636f6e7365637465747572206164697069736963696e6720656c69742e20456f7320636f72706f72697320696e76656e746f72652c206e6f626973206e656d6f2c20697573746f207072616573656e7469756d206c61626f72652072656d20626c616e646974696973207175616d2c20637570696469746174652071756962757364616d206964206d6178696d6520616c69717569642063756d2e20526570656c6c656e64757320726174696f6e652c20646f6c6f72656d717565207365642074656e6574757220696e76656e746f72652e20496d70656469742c2065697573207061726961747572207175692c20616220696e76656e746f726520656c6967656e64692064656269746973207175697320736974206c61626f72756d20636f6d6d6f646920717561657261742071756964656d2c2073617069656e7465206f6d6e6973206174717565206675676961742071756961206975726520656171756520636f6e73657175756e74757221204d61676e6920726570726568656e646572697420636f6d6d6f646920696c6c756d20666163696c697320746f74616d2076657269746174697320657373652061737065726e617475722071756f2066616365726520686963212051756962757364616d20697461717565206d6178696d65206e756c6c6120616c697175616d2c0d0a646f6c6f72657320706572666572656e6469732064656c65637475732e20417574206d6f6c6c6974696120706f72726f2061206c61626f72696f73616d20726570656c6c617420726174696f6e6520706f7373696d757320746f74616d20646f6c6f7265732065782074656e657475722071756f73207265637573616e64616520656f7320667567696174207175616d206d6f6c6573746961652076656e69616d206465736572756e7420736f6c757461206d6178696d6520697573746f20726572756d2c2074656d706f726120766f6c757074617320736564214c6f72656d20697073756d20646f6c6f722073697420616d65742c20636f6e7365637465747572206164697069736963696e6720656c69742e20456f7320636f72706f72697320696e76656e746f72652c206e6f626973206e656d6f2c20697573746f207072616573656e7469756d206c61626f72652072656d20626c616e646974696973207175616d2c20637570696469746174652071756962757364616d206964206d6178696d6520616c69717569642063756d2e20526570656c6c656e64757320726174696f6e652c20646f6c6f72656d717565207365642074656e6574757220696e76656e746f72652e20496d70656469742c2065697573207061726961747572207175692c20616220696e76656e746f726520656c6967656e64692064656269746973207175697320736974206c61626f72756d20636f6d6d6f646920717561657261742071756964656d2c2073617069656e7465206f6d6e6973206174717565206675676961742071756961206975726520656171756520636f6e73657175756e74757221204d61676e6920726570726568656e646572697420636f6d6d6f646920696c6c756d20666163696c697320746f74616d2076657269746174697320657373652061737065726e617475722071756f2066616365726520686963212051756962757364616d20697461717565206d6178696d65206e756c6c6120616c697175616d2c20646f6c6f72657320706572666572656e6469732064656c65637475732e20417574206d6f6c6c6974696120706f72726f2061206c61626f72696f73616d20726570656c6c617420726174696f6e6520706f7373696d757320746f74616d20646f6c6f7265732065782074656e657475722071756f73207265637573616e64616520656f7320667567696174207175616d206d6f6c6573746961652076656e69616d206465736572756e7420736f6c757461206d6178696d6520697573746f20726572756d2c2074656d706f726120766f6c757074617320736564214c6f72656d20697073756d20646f6c6f72207369740d0a616d65742c20636f6e7365637465747572206164697069736963696e6720656c69742e20456f7320636f72706f72697320696e76656e746f72652c206e6f626973206e656d6f2c20697573746f207072616573656e7469756d206c61626f72652072656d20626c616e646974696973207175616d2c20637570696469746174652071756962757364616d206964206d6178696d6520616c69717569642063756d2e20526570656c6c656e64757320726174696f6e652c20646f6c6f72656d717565207365642074656e6574757220696e76656e746f72652e20496d70656469742c2065697573207061726961747572207175692c20616220696e76656e746f726520656c6967656e64692064656269746973207175697320736974206c61626f72756d20636f6d6d6f646920717561657261742071756964656d2c2073617069656e7465206f6d6e6973206174717565206675676961742071756961206975726520656171756520636f6e73657175756e74757221204d61676e6920726570726568656e646572697420636f6d6d6f646920696c6c756d20666163696c697320746f74616d2076657269746174697320657373652061737065726e617475722071756f2066616365726520686963212051756962757364616d20697461717565206d6178696d65206e756c6c6120616c697175616d2c20646f6c6f72657320706572666572656e6469732064656c65637475732e20417574206d6f6c6c6974696120706f72726f2061206c61626f72696f73616d20726570656c6c617420726174696f6e6520706f7373696d757320746f74616d20646f6c6f7265732065782074656e657475722071756f73207265637573616e64616520656f7320667567696174207175616d206d6f6c6573746961652076656e69616d206465736572756e7420736f6c757461206d6178696d6520697573746f20726572756d2c2074656d706f726120766f6c757074617320736564214c6f72656d20697073756d20646f6c6f722073697420616d65742c20636f6e7365637465747572206164697069736963696e6720656c69742e20456f7320636f72706f72697320696e76656e746f72652c206e6f626973206e656d6f2c20697573746f207072616573656e7469756d206c61626f72652072656d20626c616e646974696973207175616d2c20637570696469746174652071756962757364616d206964206d6178696d6520616c69717569642063756d2e20526570656c6c656e64757320726174696f6e652c20646f6c6f72656d717565207365642074656e6574757220696e76656e746f72652e20496d70656469742c2065697573207061726961747572207175692c20616220696e76656e746f726520656c6967656e64692064656269746973207175697320736974206c61626f72756d20636f6d6d6f646920717561657261742071756964656d2c2073617069656e7465206f6d6e6973206174717565206675676961742071756961206975726520656171756520636f6e73657175756e74757221204d61676e6920726570726568656e646572697420636f6d6d6f646920696c6c756d20666163696c697320746f74616d2076657269746174697320657373652061737065726e617475722071756f2066616365726520686963212051756962757364616d20697461717565206d6178696d65206e756c6c6120616c697175616d2c20646f6c6f72657320706572666572656e6469732064656c65637475732e20417574206d6f6c6c6974696120706f72726f2061206c61626f72696f73616d20726570656c6c617420726174696f6e6520706f7373696d757320746f74616d20646f6c6f7265732065782074656e657475722071756f73207265637573616e64616520656f7320667567696174207175616d206d6f6c6573746961652076656e69616d206465736572756e7420736f6c757461206d6178696d6520697573746f20726572756d2c2074656d706f726120766f6c757074617320736564214c6f72656d20697073756d20646f6c6f722073697420616d65742c20636f6e7365637465747572206164697069736963696e6720656c69742e20456f7320636f72706f72697320696e76656e746f72652c206e6f626973206e656d6f2c20697573746f207072616573656e7469756d206c61626f72652072656d20626c616e646974696973207175616d2c20637570696469746174652071756962757364616d206964206d6178696d6520616c69717569642063756d2e20526570656c6c656e64757320726174696f6e652c20646f6c6f72656d717565207365642074656e6574757220696e76656e746f72652e20496d70656469742c2065697573207061726961747572207175692c20616220696e76656e746f726520656c6967656e64692064656269746973207175697320736974206c61626f72756d20636f6d6d6f646920717561657261742071756964656d2c2073617069656e7465206f6d6e6973206174717565206675676961742071756961206975726520656171756520636f6e73657175756e747572210d0a204d61676e6920726570726568656e646572697420636f6d6d6f646920696c6c756d20666163696c697320746f74616d2076657269746174697320657373652061737065726e617475722071756f2066616365726520686963212051756962757364616d20697461717565206d6178696d65206e756c6c6120616c697175616d2c20646f6c6f72657320706572666572656e6469732064656c65637475732e20417574206d6f6c6c6974696120706f72726f2061206c61626f72696f73616d20726570656c6c617420726174696f6e6520706f7373696d757320746f74616d20646f6c6f7265732065782074656e657475722071756f73207265637573616e64616520656f7320667567696174207175616d206d6f6c6573746961652076656e69616d206465736572756e7420736f6c757461206d6178696d6520697573746f20726572756d2c2074656d706f726120766f6c757074617320736564214c6f72656d20697073756d20646f6c6f722073697420616d65742c20636f6e7365637465747572206164697069736963696e6720656c69742e20456f7320636f72706f72697320696e76656e746f72652c206e6f626973206e656d6f2c20697573746f207072616573656e7469756d206c61626f72652072656d20626c616e646974696973207175616d2c20637570696469746174652071756962757364616d206964206d6178696d6520616c69717569642063756d2e20526570656c6c656e64757320726174696f6e652c20646f6c6f72656d717565207365642074656e6574757220696e76656e746f72652e20496d70656469742c2065697573207061726961747572207175692c20616220696e76656e746f726520656c6967656e64692064656269746973207175697320736974206c61626f72756d20636f6d6d6f646920717561657261742071756964656d2c2073617069656e7465206f6d6e6973206174717565206675676961742071756961206975726520656171756520636f6e73657175756e74757221204d61676e6920726570726568656e646572697420636f6d6d6f646920696c6c756d20666163696c69730d0a746f74616d2076657269746174697320657373652061737065726e617475722071756f2066616365726520686963212051756962757364616d20697461717565206d6178696d65206e756c6c6120616c697175616d2c20646f6c6f72657320706572666572656e6469732064656c65637475732e20417574206d6f6c6c6974696120706f72726f2061206c61626f72696f73616d20726570656c6c617420726174696f6e6520706f7373696d757320746f74616d20646f6c6f7265732065782074656e657475722071756f73207265637573616e64616520656f7320667567696174207175616d206d6f6c6573746961652076656e69616d206465736572756e7420736f6c757461206d6178696d6520697573746f20726572756d2c2074656d706f726120766f6c757074617320736564214c6f72656d20697073756d20646f6c6f722073697420616d65742c20636f6e7365637465747572206164697069736963696e6720656c69742e20456f7320636f72706f72697320696e76656e746f72652c206e6f626973206e656d6f2c20697573746f207072616573656e7469756d206c61626f72652072656d20626c616e646974696973207175616d2c20637570696469746174652071756962757364616d206964206d6178696d6520616c69717569642063756d2e20526570656c6c656e64757320726174696f6e652c20646f6c6f72656d717565207365642074656e6574757220696e76656e746f72652e20496d70656469742c2065697573207061726961747572207175692c20616220696e76656e746f726520656c6967656e64692064656269746973207175697320736974206c61626f72756d20636f6d6d6f646920717561657261742071756964656d2c2073617069656e7465206f6d6e6973206174717565206675676961742071756961206975726520656171756520636f6e73657175756e74757221204d61676e6920726570726568656e646572697420636f6d6d6f646920696c6c756d20666163696c697320746f74616d2076657269746174697320657373652061737065726e617475722071756f2066616365726520686963212051756962757364616d20697461717565206d6178696d65206e756c6c6120616c697175616d2c20646f6c6f72657320706572666572656e6469732064656c65637475732e20417574206d6f6c6c6974696120706f72726f2061206c61626f72696f73616d20726570656c6c617420726174696f6e6520706f7373696d757320746f74616d20646f6c6f7265732065782074656e657475722071756f73207265637573616e64616520656f7320667567696174207175616d206d6f6c6573746961652076656e69616d206465736572756e7420736f6c757461206d6178696d6520697573746f20726572756d2c2074656d706f726120766f6c75707461732073656421, '4.99', '19.99', '49.99', '99.99', 'a:2:{s:3:"img";s:59:"https://shanto.thesoftking.com/live/asset/images/about..png";s:4:"text";s:451:"Lorem ipsum dolor sit amet, consectetur adipisicing elit, sed do eiusmod tempor incididunt ut labore et dolore magna aliqua. Ut enim ad minim veniam, quis nostrud exercitation ullamco laboris nisi ut aliquip ex ea commodo consequat. Duis aute irure dolor in reprehenderit in voluptate velit esse cillum dolore eu fugiat nulla pariatur. Excepteur sint occaecat cupidatat non proident, sunt in culpa qui officia deserunt mollit anim id est laborum.asdas";}', 'a:5:{s:8:"facebook";s:21:"facebook.com/yhshanto";s:7:"twitter";s:20:"twitter.com/yhshanto";s:8:"linkedin";s:12:"linkedin.com";s:11:"google-plus";s:10:"google.com";s:11:"pinterest-p";s:13:"pinterest.com";}', 'color_seven', '+8801917995609', 'yhshanto@hotmail.com', '1516978801.jpg', '1516978802.jpg');

-- --------------------------------------------------------

--
-- Структура таблицы `menus`
--

CREATE TABLE `menus` (
  `id` int(11) NOT NULL,
  `name` varchar(255) NOT NULL,
  `btext` blob
) ENGINE=MyISAM DEFAULT CHARSET=utf8;

--
-- Дамп данных таблицы `menus`
--

INSERT INTO `menus` (`id`, `name`, `btext`) VALUES
(1, 'About Us', 0x3c70207374796c653d22746578742d616c69676e3a206a7573746966793b223e3c7374726f6e673e4c6f72656d20697073756d20646f6c6f722073697420616d65742c20636f6e7365637465747572206164697069736963696e6720656c69742e20446f6c6f72656d2065787065646974612c20646f6c6f72652064697374696e6374696f20612073657175692065756d206c696265726f20726570656c6c61742061646970697363692071756f73206d61696f72657320726572756d2076656c20726570726568656e646572697420696e76656e746f7265206172636869746563746f20706f72726f20657373652070617269617475722c2071756f20737573636970697420616c6971756964207665726f2e204869632072656d2c206f66666963696120646f6c6f722061642066756761206e6174757320746f74616d20667567696174206469676e697373696d6f73206e6968696c206661636572652c20726570656c6c61742c20766f6c7570746174657320736f6c75746120647563696d757320657865726369746174696f6e656d206d61676e6920636f6e7365637465747572206d61696f72657320617574656d206572726f722064656c656e69746920656171756520646f6c6f7265207265696369656e646973206c617564616e7469756d207175617369213c2f7374726f6e673e3c2f703e0d0a3c70207374796c653d22746578742d616c69676e3a206a7573746966793b223e266e6273703b3c2f703e0d0a3c70207374796c653d22746578742d616c69676e3a206a7573746966793b223e416420697374652069746171756520656c6967656e64692065737420736564206163637573616e7469756d2c206465736572756e74207265637573616e646165206174206f7074696f2071756973206d61676e616d2072656d2c20706f72726f2074656d706f7269627573207065727370696369617469732064656c656e697469206d6f6c6c69746961206e6f737472756d20617471756520726570656c6c656e6475732065737365206f666669636961206375706964697461746520636f6e73657175756e7475722e204173706572696f72657320636f6e73657175756e7475722c20656f732076656c20696c6c6f20646f6c6f72656d2071756f642c20646f6c6f72656d71756520726570756469616e64616520706572737069636961746973206c696265726f2071756165207265637573616e6461652c20726570726568656e64657269742063756d20697073616d20656172756d2076656c697420756c6c616d20646f6c6f72657320756e64652061622120566f6c7570746174756d207265696369656e6469732c206c617564616e7469756d2064697374696e6374696f2061622071756961206170657269616d20636f6e73657175756e74757220697573746f2073696e74206174207665726974617469732071756920616469706973636920696e76656e746f72652064656c65637475732063756d717565206172636869746563746f206c61626f72652069757265207175616572617420656c6967656e646921205175616520636f6e73657175617475722071756165726174206e6f6e20617574206964207265696369656e64697320646f6c6f72656d717565207061726961747572206f6469742071756f6420726570656c6c61742e2043756c7061206174206e6f6e206e756c6c6120766f6c7570746173206469676e697373696d6f73206c61626f72652c20646f6c6f722c20697073616d2c2064656c656e69746920646f6c6f7269627573206f7074696f2063756d7175652c2074656e657475722e2044697374696e6374696f2c2074656d706f72652c20657373652120457820617574656d20657865726369746174696f6e656d2c2065786365707475726920617373756d656e6461206f64696f2063757069646974617465206d6f6c6c6974696120766f6c7570746174756d2e2051756f642c20706572666572656e646973212049746171756520646562697469732071756920646f6c6f726962757320706c61636561742061622071756f6420766f6c7570746174657320697073756d20646f6c6f722063756c706120636f6d6d6f6469206d61676e616d2c206e6f737472756d20696c6c6f2064697374696e6374696f2069642071756964656d2073696d696c697175652c2072656d2c206e656d6f2070657273706963696174697320756c6c616d20646f6c6f72656d71756520617420616c6961732e20536571756920636f72727570746920657373652c206f666669636961206c61626f72756d2c206c696265726f206e617475733c2f703e0d0a3c70207374796c653d22746578742d616c69676e3a206a7573746966793b223e637570696469746174652072656d206e65636573736974617469627573207072616573656e7469756d2c2074656d706f726120706f72726f207175616520766f6c757074617320626c616e64697469697320696d70656469742e2051756f20636f727275707469207369742c20646f6c6f7269627573206561206e65717565206c617564616e7469756d206973746520666163696c697320636f6e73656374657475722c206578706c696361626f2c2071756920766f6c757074617469627573206f66666963696120766f6c7570746174756d20736f6c7574612e20517569206d61676e616d20696d7065646974206173706572696f7265732120446f6c6f72656d717565206d61676e616d207175692c206d6f6c657374696165206e6968696c2071756173206f66666963696973206c696265726f2076656c6974206e6571756520746f74616d2074656d706f726120736f6c7574612c20646963746120756e6465206e6f62697320766f6c7570746174756d207574206561717565207361657065206e616d2070726f766964656e742e20456f7320696d70656469742c20717561736920706c61636561742064697374696e6374696f2c206173706572696f72657320657820696e76656e746f72652c2071756973206d61676e616d20646f6c6f72206f66666963696973206d6f64692065756d2c2065617175652063756c706120766f6c75707461733f20457865726369746174696f6e656d206d6178696d65207072616573656e7469756d206c696265726f20766f6c7570746173206f66666963696973206d61676e616d2073616570652c206173706572696f7265732071756f642069642064697374696e6374696f20736571756920726570756469616e6461652076656c6974206175742c20697073616d2061737065726e617475722069746171756520766f6c7570746174656d2074656d706f726120706c61636561742065617175652069757265206578706c696361626f2068696320647563696d75732061747175652071756962757364616d2e204265617461652c207265696369656e646973207175616d207072616573656e7469756d207375736369706974206d6f6c65737469616520696d706564697420656c6967656e64692e20456172756d2074656d706f72696275732065737365206c61626f7265207365642e20497374652066756769617420657820617574656d2c206164206d6f6c65737469617320656171756520616d65742e20556e64652070726f766964656e74206e65636573736974617469627573206163637573616d75732065782072656d206576656e696574207175696120736f6c75746120647563696d757320717569732c20646f6c6f726962757320717569737175616d20717569206d6f64692063756d20717561657261743f204f6666696369612c2065737365206c617564616e7469756d20706f72726f20766f6c75707461732069757265206174717565206e6f737472756d2064656269746973206f666669636969732e204e6f62697320657374206569757320686172756d2073656420726570756469616e646165206e6968696c20646f6c6f72696275732065782c20717569206975726520697573746f20746f74616d206c617564616e7469756d2c20726174696f6e652c2071756f64206e616d206c61626f72756d20646f6c6f72756d206c61626f7265206f6d6e6973206d61676e616d207061726961747572206469676e697373696d6f732c20636f72706f7269733f204f64696f20646562697469732073696d696c6971756520646f6c6f72656d717565207175617320667567696174206e6f626973206d6f6c65737469617320756c6c616d206c617564616e7469756d207265696369656e6469732e2044697374696e6374696f20636f727275707469206e756c6c6120766f6c7570746174656d206e6968696c20696e76656e746f726520636f6e736563746574757220646f6c6f726520726570656c6c6174207665726f20756e6465206e6f62697320696e2076656c697420726570726568656e64657269742073697420706f72726f20626c616e6469746969732c20766f6c7570746174696275732c206576656e69657420717561657261742e205065727370696369617469732c20616c69717569642c2071756f732e20496e76656e746f72652061747175652c207665726f20646f6c6f72657320686172756d207574206e697369206265617461652e2056697461652c20717569612120436f6e736563746574757220646f6c6f72756d2066756769617420697073612074656d706f7269627573207665726f2c20616c6971756964206e6f6269732074656e6574757220696e636964756e74206d61696f726573206e65636573736974617469627573207265637573616e646165206d6f646920656c6967656e646920616e696d692075742c206572726f72206d696e696d61206c61626f72756d20766f6c75707461746962757320697073616d2e2056656c2071756f642c20657420656120756c6c616d2c206d6f6c6573746961652071756964656d207574207072616573656e7469756d206d696e696d612070726f766964656e742064697374696e6374696f206170657269616d20696e636964756e74206e65736369756e74206974617175652c206c696265726f206173706572696f72657320697572652074656d706f72696275732e20536571756920646f6c6f72656d206e65636573736974617469627573206869632063756d20766f6c75707461746573207061726961747572206d6f6c6573746961732c2064656c65637475732076656e69616d2065786365707475726920696e636964756e74206173706572696f726573206573742065756d2069707361206f646974207265696369656e64697320706c6163656174206e616d20616c6971756964206576656e69657420656120717569612c206e6571756520616220666163696c6973206163637573616e7469756d2e20457420706c6163656174206120616c697175616d206c61626f726520646f6c6f72756d206675676974206f66666963696120746f74616d206e6174757320636f6e73657175756e7475723f3c2f703e),
(2, 'Why US', 0x3c70207374796c653d22746578742d616c69676e3a206a7573746966793b223e3c7374726f6e673e4c6f72656d20697073756d20646f6c6f722073697420616d65742c20636f6e7365637465747572206164697069736963696e6720656c69742e20446f6c6f72656d2065787065646974612c20646f6c6f72652064697374696e6374696f20612073657175692065756d206c696265726f20726570656c6c61742061646970697363692071756f73206d61696f72657320726572756d2076656c20726570726568656e646572697420696e76656e746f7265206172636869746563746f20706f72726f20657373652070617269617475722c2071756f20737573636970697420616c6971756964207665726f2e204869632072656d2c206f66666963696120646f6c6f722061642066756761206e6174757320746f74616d20667567696174206469676e697373696d6f73206e6968696c206661636572652c20726570656c6c61742c20766f6c7570746174657320736f6c75746120647563696d757320657865726369746174696f6e656d206d61676e6920636f6e7365637465747572206d61696f72657320617574656d206572726f722064656c656e69746920656171756520646f6c6f7265207265696369656e646973206c617564616e7469756d207175617369213c2f7374726f6e673e3c2f703e0d0a3c70207374796c653d22746578742d616c69676e3a206a7573746966793b223e266e6273703b3c2f703e0d0a3c70207374796c653d22746578742d616c69676e3a206a7573746966793b223e416420697374652069746171756520656c6967656e64692065737420736564206163637573616e7469756d2c206465736572756e74207265637573616e646165206174206f7074696f2071756973206d61676e616d2072656d2c20706f72726f2074656d706f7269627573207065727370696369617469732064656c656e697469206d6f6c6c69746961206e6f737472756d20617471756520726570656c6c656e6475732065737365206f666669636961206375706964697461746520636f6e73657175756e7475722e204173706572696f72657320636f6e73657175756e7475722c20656f732076656c20696c6c6f20646f6c6f72656d2071756f642c20646f6c6f72656d71756520726570756469616e64616520706572737069636961746973206c696265726f2071756165207265637573616e6461652c20726570726568656e64657269742063756d20697073616d20656172756d2076656c697420756c6c616d20646f6c6f72657320756e64652061622120566f6c7570746174756d207265696369656e6469732c206c617564616e7469756d2064697374696e6374696f2061622071756961206170657269616d20636f6e73657175756e74757220697573746f2073696e74206174207665726974617469732071756920616469706973636920696e76656e746f72652064656c65637475732063756d717565206172636869746563746f206c61626f72652069757265207175616572617420656c6967656e646921205175616520636f6e73657175617475722071756165726174206e6f6e20617574206964207265696369656e64697320646f6c6f72656d717565207061726961747572206f6469742071756f6420726570656c6c61742e2043756c7061206174206e6f6e206e756c6c6120766f6c7570746173206469676e697373696d6f73206c61626f72652c20646f6c6f722c20697073616d2c2064656c656e69746920646f6c6f7269627573206f7074696f2063756d7175652c2074656e657475722e2044697374696e6374696f2c2074656d706f72652c20657373652120457820617574656d20657865726369746174696f6e656d2c2065786365707475726920617373756d656e6461206f64696f2063757069646974617465206d6f6c6c6974696120766f6c7570746174756d2e2051756f642c20706572666572656e646973212049746171756520646562697469732071756920646f6c6f726962757320706c61636561742061622071756f6420766f6c7570746174657320697073756d20646f6c6f722063756c706120636f6d6d6f6469206d61676e616d2c206e6f737472756d20696c6c6f2064697374696e6374696f2069642071756964656d2073696d696c697175652c2072656d2c206e656d6f2070657273706963696174697320756c6c616d20646f6c6f72656d71756520617420616c6961732e20536571756920636f72727570746920657373652c206f666669636961206c61626f72756d2c206c696265726f206e617475733c2f703e0d0a3c70207374796c653d22746578742d616c69676e3a206a7573746966793b223e637570696469746174652072656d206e65636573736974617469627573207072616573656e7469756d2c2074656d706f726120706f72726f207175616520766f6c757074617320626c616e64697469697320696d70656469742e2051756f20636f727275707469207369742c20646f6c6f7269627573206561206e65717565206c617564616e7469756d206973746520666163696c697320636f6e73656374657475722c206578706c696361626f2c2071756920766f6c757074617469627573206f66666963696120766f6c7570746174756d20736f6c7574612e20517569206d61676e616d20696d7065646974206173706572696f7265732120446f6c6f72656d717565206d61676e616d207175692c206d6f6c657374696165206e6968696c2071756173206f66666963696973206c696265726f2076656c6974206e6571756520746f74616d2074656d706f726120736f6c7574612c20646963746120756e6465206e6f62697320766f6c7570746174756d207574206561717565207361657065206e616d2070726f766964656e742e20456f7320696d70656469742c20717561736920706c61636561742064697374696e6374696f2c206173706572696f72657320657820696e76656e746f72652c2071756973206d61676e616d20646f6c6f72206f66666963696973206d6f64692065756d2c2065617175652063756c706120766f6c75707461733f20457865726369746174696f6e656d206d6178696d65207072616573656e7469756d206c696265726f20766f6c7570746173206f66666963696973206d61676e616d2073616570652c206173706572696f7265732071756f642069642064697374696e6374696f20736571756920726570756469616e6461652076656c6974206175742c20697073616d2061737065726e617475722069746171756520766f6c7570746174656d2074656d706f726120706c61636561742065617175652069757265206578706c696361626f2068696320647563696d75732061747175652071756962757364616d2e204265617461652c207265696369656e646973207175616d207072616573656e7469756d207375736369706974206d6f6c65737469616520696d706564697420656c6967656e64692e20456172756d2074656d706f72696275732065737365206c61626f7265207365642e20497374652066756769617420657820617574656d2c206164206d6f6c65737469617320656171756520616d65742e20556e64652070726f766964656e74206e65636573736974617469627573206163637573616d75732065782072656d206576656e696574207175696120736f6c75746120647563696d757320717569732c20646f6c6f726962757320717569737175616d20717569206d6f64692063756d20717561657261743f204f6666696369612c2065737365206c617564616e7469756d20706f72726f20766f6c75707461732069757265206174717565206e6f737472756d2064656269746973206f666669636969732e204e6f62697320657374206569757320686172756d2073656420726570756469616e646165206e6968696c20646f6c6f72696275732065782c20717569206975726520697573746f20746f74616d206c617564616e7469756d2c20726174696f6e652c2071756f64206e616d206c61626f72756d20646f6c6f72756d206c61626f7265206f6d6e6973206d61676e616d207061726961747572206469676e697373696d6f732c20636f72706f7269733f204f64696f20646562697469732073696d696c6971756520646f6c6f72656d717565207175617320667567696174206e6f626973206d6f6c65737469617320756c6c616d206c617564616e7469756d207265696369656e6469732e2044697374696e6374696f20636f727275707469206e756c6c6120766f6c7570746174656d206e6968696c20696e76656e746f726520636f6e736563746574757220646f6c6f726520726570656c6c6174207665726f20756e6465206e6f62697320696e2076656c697420726570726568656e64657269742073697420706f72726f20626c616e6469746969732c20766f6c7570746174696275732c206576656e69657420717561657261742e205065727370696369617469732c20616c69717569642c2071756f732e20496e76656e746f72652061747175652c207665726f20646f6c6f72657320686172756d207574206e697369206265617461652e2056697461652c20717569612120436f6e736563746574757220646f6c6f72756d2066756769617420697073612074656d706f7269627573207665726f2c20616c6971756964206e6f6269732074656e6574757220696e636964756e74206d61696f726573206e65636573736974617469627573207265637573616e646165206d6f646920656c6967656e646920616e696d692075742c206572726f72206d696e696d61206c61626f72756d20766f6c75707461746962757320697073616d2e2056656c2071756f642c20657420656120756c6c616d2c206d6f6c6573746961652071756964656d207574207072616573656e7469756d206d696e696d612070726f766964656e742064697374696e6374696f206170657269616d20696e636964756e74206e65736369756e74206974617175652c206c696265726f206173706572696f72657320697572652074656d706f72696275732e20536571756920646f6c6f72656d206e65636573736974617469627573206869632063756d20766f6c75707461746573207061726961747572206d6f6c6573746961732c2064656c65637475732076656e69616d2065786365707475726920696e636964756e74206173706572696f726573206573742065756d2069707361206f646974207265696369656e64697320706c6163656174206e616d20616c6971756964206576656e69657420656120717569612c206e6571756520616220666163696c6973206163637573616e7469756d2e20457420706c6163656174206120616c697175616d206c61626f726520646f6c6f72756d206675676974206f66666963696120746f74616d206e6174757320636f6e73657175756e7475723f3c2f703e),
(3, 'Menu 1', 0x3c70207374796c653d22746578742d616c69676e3a206a7573746966793b223e3c7374726f6e673e4c6f72656d20697073756d20646f6c6f722073697420616d65742c20636f6e7365637465747572206164697069736963696e6720656c69742e20446f6c6f72656d2065787065646974612c20646f6c6f72652064697374696e6374696f20612073657175692065756d206c696265726f20726570656c6c61742061646970697363692071756f73206d61696f72657320726572756d2076656c20726570726568656e646572697420696e76656e746f7265206172636869746563746f20706f72726f20657373652070617269617475722c2071756f20737573636970697420616c6971756964207665726f2e204869632072656d2c206f66666963696120646f6c6f722061642066756761206e6174757320746f74616d20667567696174206469676e697373696d6f73206e6968696c206661636572652c20726570656c6c61742c20766f6c7570746174657320736f6c75746120647563696d757320657865726369746174696f6e656d206d61676e6920636f6e7365637465747572206d61696f72657320617574656d206572726f722064656c656e69746920656171756520646f6c6f7265207265696369656e646973206c617564616e7469756d207175617369213c2f7374726f6e673e3c2f703e0d0a3c70207374796c653d22746578742d616c69676e3a206a7573746966793b223e266e6273703b3c2f703e0d0a3c70207374796c653d22746578742d616c69676e3a206a7573746966793b223e416420697374652069746171756520656c6967656e64692065737420736564206163637573616e7469756d2c206465736572756e74207265637573616e646165206174206f7074696f2071756973206d61676e616d2072656d2c20706f72726f2074656d706f7269627573207065727370696369617469732064656c656e697469206d6f6c6c69746961206e6f737472756d20617471756520726570656c6c656e6475732065737365206f666669636961206375706964697461746520636f6e73657175756e7475722e204173706572696f72657320636f6e73657175756e7475722c20656f732076656c20696c6c6f20646f6c6f72656d2071756f642c20646f6c6f72656d71756520726570756469616e64616520706572737069636961746973206c696265726f2071756165207265637573616e6461652c20726570726568656e64657269742063756d20697073616d20656172756d2076656c697420756c6c616d20646f6c6f72657320756e64652061622120566f6c7570746174756d207265696369656e6469732c206c617564616e7469756d2064697374696e6374696f2061622071756961206170657269616d20636f6e73657175756e74757220697573746f2073696e74206174207665726974617469732071756920616469706973636920696e76656e746f72652064656c65637475732063756d717565206172636869746563746f206c61626f72652069757265207175616572617420656c6967656e646921205175616520636f6e73657175617475722071756165726174206e6f6e20617574206964207265696369656e64697320646f6c6f72656d717565207061726961747572206f6469742071756f6420726570656c6c61742e2043756c7061206174206e6f6e206e756c6c6120766f6c7570746173206469676e697373696d6f73206c61626f72652c20646f6c6f722c20697073616d2c2064656c656e69746920646f6c6f7269627573206f7074696f2063756d7175652c2074656e657475722e2044697374696e6374696f2c2074656d706f72652c20657373652120457820617574656d20657865726369746174696f6e656d2c2065786365707475726920617373756d656e6461206f64696f2063757069646974617465206d6f6c6c6974696120766f6c7570746174756d2e2051756f642c20706572666572656e646973212049746171756520646562697469732071756920646f6c6f726962757320706c61636561742061622071756f6420766f6c7570746174657320697073756d20646f6c6f722063756c706120636f6d6d6f6469206d61676e616d2c206e6f737472756d20696c6c6f2064697374696e6374696f2069642071756964656d2073696d696c697175652c2072656d2c206e656d6f2070657273706963696174697320756c6c616d20646f6c6f72656d71756520617420616c6961732e20536571756920636f72727570746920657373652c206f666669636961206c61626f72756d2c206c696265726f206e617475733c2f703e0d0a3c70207374796c653d22746578742d616c69676e3a206a7573746966793b223e637570696469746174652072656d206e65636573736974617469627573207072616573656e7469756d2c2074656d706f726120706f72726f207175616520766f6c757074617320626c616e64697469697320696d70656469742e2051756f20636f727275707469207369742c20646f6c6f7269627573206561206e65717565206c617564616e7469756d206973746520666163696c697320636f6e73656374657475722c206578706c696361626f2c2071756920766f6c757074617469627573206f66666963696120766f6c7570746174756d20736f6c7574612e20517569206d61676e616d20696d7065646974206173706572696f7265732120446f6c6f72656d717565206d61676e616d207175692c206d6f6c657374696165206e6968696c2071756173206f66666963696973206c696265726f2076656c6974206e6571756520746f74616d2074656d706f726120736f6c7574612c20646963746120756e6465206e6f62697320766f6c7570746174756d207574206561717565207361657065206e616d2070726f766964656e742e20456f7320696d70656469742c20717561736920706c61636561742064697374696e6374696f2c206173706572696f72657320657820696e76656e746f72652c2071756973206d61676e616d20646f6c6f72206f66666963696973206d6f64692065756d2c2065617175652063756c706120766f6c75707461733f20457865726369746174696f6e656d206d6178696d65207072616573656e7469756d206c696265726f20766f6c7570746173206f66666963696973206d61676e616d2073616570652c206173706572696f7265732071756f642069642064697374696e6374696f20736571756920726570756469616e6461652076656c6974206175742c20697073616d2061737065726e617475722069746171756520766f6c7570746174656d2074656d706f726120706c61636561742065617175652069757265206578706c696361626f2068696320647563696d75732061747175652071756962757364616d2e204265617461652c207265696369656e646973207175616d207072616573656e7469756d207375736369706974206d6f6c65737469616520696d706564697420656c6967656e64692e20456172756d2074656d706f72696275732065737365206c61626f7265207365642e20497374652066756769617420657820617574656d2c206164206d6f6c65737469617320656171756520616d65742e20556e64652070726f766964656e74206e65636573736974617469627573206163637573616d75732065782072656d206576656e696574207175696120736f6c75746120647563696d757320717569732c20646f6c6f726962757320717569737175616d20717569206d6f64692063756d20717561657261743f204f6666696369612c2065737365206c617564616e7469756d20706f72726f20766f6c75707461732069757265206174717565206e6f737472756d2064656269746973206f666669636969732e204e6f62697320657374206569757320686172756d2073656420726570756469616e646165206e6968696c20646f6c6f72696275732065782c20717569206975726520697573746f20746f74616d206c617564616e7469756d2c20726174696f6e652c2071756f64206e616d206c61626f72756d20646f6c6f72756d206c61626f7265206f6d6e6973206d61676e616d207061726961747572206469676e697373696d6f732c20636f72706f7269733f204f64696f20646562697469732073696d696c6971756520646f6c6f72656d717565207175617320667567696174206e6f626973206d6f6c65737469617320756c6c616d206c617564616e7469756d207265696369656e6469732e2044697374696e6374696f20636f727275707469206e756c6c6120766f6c7570746174656d206e6968696c20696e76656e746f726520636f6e736563746574757220646f6c6f726520726570656c6c6174207665726f20756e6465206e6f62697320696e2076656c697420726570726568656e64657269742073697420706f72726f20626c616e6469746969732c20766f6c7570746174696275732c206576656e69657420717561657261742e205065727370696369617469732c20616c69717569642c2071756f732e20496e76656e746f72652061747175652c207665726f20646f6c6f72657320686172756d207574206e697369206265617461652e2056697461652c20717569612120436f6e736563746574757220646f6c6f72756d2066756769617420697073612074656d706f7269627573207665726f2c20616c6971756964206e6f6269732074656e6574757220696e636964756e74206d61696f726573206e65636573736974617469627573207265637573616e646165206d6f646920656c6967656e646920616e696d692075742c206572726f72206d696e696d61206c61626f72756d20766f6c75707461746962757320697073616d2e2056656c2071756f642c20657420656120756c6c616d2c206d6f6c6573746961652071756964656d207574207072616573656e7469756d206d696e696d612070726f766964656e742064697374696e6374696f206170657269616d20696e636964756e74206e65736369756e74206974617175652c206c696265726f206173706572696f72657320697572652074656d706f72696275732e20536571756920646f6c6f72656d206e65636573736974617469627573206869632063756d20766f6c75707461746573207061726961747572206d6f6c6573746961732c2064656c65637475732076656e69616d2065786365707475726920696e636964756e74206173706572696f726573206573742065756d2069707361206f646974207265696369656e64697320706c6163656174206e616d20616c6971756964206576656e69657420656120717569612c206e6571756520616220666163696c6973206163637573616e7469756d2e20457420706c6163656174206120616c697175616d206c61626f726520646f6c6f72756d206675676974206f66666963696120746f74616d206e6174757320636f6e73657175756e7475723f3c2f703e),
(4, 'Menu 2', 0x3c70207374796c653d22746578742d616c69676e3a206a7573746966793b223e3c7374726f6e673e4c6f72656d20697073756d20646f6c6f722073697420616d65742c20636f6e7365637465747572206164697069736963696e6720656c69742e20446f6c6f72656d2065787065646974612c20646f6c6f72652064697374696e6374696f20612073657175692065756d206c696265726f20726570656c6c61742061646970697363692071756f73206d61696f72657320726572756d2076656c20726570726568656e646572697420696e76656e746f7265206172636869746563746f20706f72726f20657373652070617269617475722c2071756f20737573636970697420616c6971756964207665726f2e204869632072656d2c206f66666963696120646f6c6f722061642066756761206e6174757320746f74616d20667567696174206469676e697373696d6f73206e6968696c206661636572652c20726570656c6c61742c20766f6c7570746174657320736f6c75746120647563696d757320657865726369746174696f6e656d206d61676e6920636f6e7365637465747572206d61696f72657320617574656d206572726f722064656c656e69746920656171756520646f6c6f7265207265696369656e646973206c617564616e7469756d207175617369213c2f7374726f6e673e3c2f703e0d0a3c70207374796c653d22746578742d616c69676e3a206a7573746966793b223e266e6273703b3c2f703e0d0a3c70207374796c653d22746578742d616c69676e3a206a7573746966793b223e416420697374652069746171756520656c6967656e64692065737420736564206163637573616e7469756d2c206465736572756e74207265637573616e646165206174206f7074696f2071756973206d61676e616d2072656d2c20706f72726f2074656d706f7269627573207065727370696369617469732064656c656e697469206d6f6c6c69746961206e6f737472756d20617471756520726570656c6c656e6475732065737365206f666669636961206375706964697461746520636f6e73657175756e7475722e204173706572696f72657320636f6e73657175756e7475722c20656f732076656c20696c6c6f20646f6c6f72656d2071756f642c20646f6c6f72656d71756520726570756469616e64616520706572737069636961746973206c696265726f2071756165207265637573616e6461652c20726570726568656e64657269742063756d20697073616d20656172756d2076656c697420756c6c616d20646f6c6f72657320756e64652061622120566f6c7570746174756d207265696369656e6469732c206c617564616e7469756d2064697374696e6374696f2061622071756961206170657269616d20636f6e73657175756e74757220697573746f2073696e74206174207665726974617469732071756920616469706973636920696e76656e746f72652064656c65637475732063756d717565206172636869746563746f206c61626f72652069757265207175616572617420656c6967656e646921205175616520636f6e73657175617475722071756165726174206e6f6e20617574206964207265696369656e64697320646f6c6f72656d717565207061726961747572206f6469742071756f6420726570656c6c61742e2043756c7061206174206e6f6e206e756c6c6120766f6c7570746173206469676e697373696d6f73206c61626f72652c20646f6c6f722c20697073616d2c2064656c656e69746920646f6c6f7269627573206f7074696f2063756d7175652c2074656e657475722e2044697374696e6374696f2c2074656d706f72652c20657373652120457820617574656d20657865726369746174696f6e656d2c2065786365707475726920617373756d656e6461206f64696f2063757069646974617465206d6f6c6c6974696120766f6c7570746174756d2e2051756f642c20706572666572656e646973212049746171756520646562697469732071756920646f6c6f726962757320706c61636561742061622071756f6420766f6c7570746174657320697073756d20646f6c6f722063756c706120636f6d6d6f6469206d61676e616d2c206e6f737472756d20696c6c6f2064697374696e6374696f2069642071756964656d2073696d696c697175652c2072656d2c206e656d6f2070657273706963696174697320756c6c616d20646f6c6f72656d71756520617420616c6961732e20536571756920636f72727570746920657373652c206f666669636961206c61626f72756d2c206c696265726f206e617475733c2f703e0d0a3c70207374796c653d22746578742d616c69676e3a206a7573746966793b223e637570696469746174652072656d206e65636573736974617469627573207072616573656e7469756d2c2074656d706f726120706f72726f207175616520766f6c757074617320626c616e64697469697320696d70656469742e2051756f20636f727275707469207369742c20646f6c6f7269627573206561206e65717565206c617564616e7469756d206973746520666163696c697320636f6e73656374657475722c206578706c696361626f2c2071756920766f6c757074617469627573206f66666963696120766f6c7570746174756d20736f6c7574612e20517569206d61676e616d20696d7065646974206173706572696f7265732120446f6c6f72656d717565206d61676e616d207175692c206d6f6c657374696165206e6968696c2071756173206f66666963696973206c696265726f2076656c6974206e6571756520746f74616d2074656d706f726120736f6c7574612c20646963746120756e6465206e6f62697320766f6c7570746174756d207574206561717565207361657065206e616d2070726f766964656e742e20456f7320696d70656469742c20717561736920706c61636561742064697374696e6374696f2c206173706572696f72657320657820696e76656e746f72652c2071756973206d61676e616d20646f6c6f72206f66666963696973206d6f64692065756d2c2065617175652063756c706120766f6c75707461733f20457865726369746174696f6e656d206d6178696d65207072616573656e7469756d206c696265726f20766f6c7570746173206f66666963696973206d61676e616d2073616570652c206173706572696f7265732071756f642069642064697374696e6374696f20736571756920726570756469616e6461652076656c6974206175742c20697073616d2061737065726e617475722069746171756520766f6c7570746174656d2074656d706f726120706c61636561742065617175652069757265206578706c696361626f2068696320647563696d75732061747175652071756962757364616d2e204265617461652c207265696369656e646973207175616d207072616573656e7469756d207375736369706974206d6f6c65737469616520696d706564697420656c6967656e64692e20456172756d2074656d706f72696275732065737365206c61626f7265207365642e20497374652066756769617420657820617574656d2c206164206d6f6c65737469617320656171756520616d65742e20556e64652070726f766964656e74206e65636573736974617469627573206163637573616d75732065782072656d206576656e696574207175696120736f6c75746120647563696d757320717569732c20646f6c6f726962757320717569737175616d20717569206d6f64692063756d20717561657261743f204f6666696369612c2065737365206c617564616e7469756d20706f72726f20766f6c75707461732069757265206174717565206e6f737472756d2064656269746973206f666669636969732e204e6f62697320657374206569757320686172756d2073656420726570756469616e646165206e6968696c20646f6c6f72696275732065782c20717569206975726520697573746f20746f74616d206c617564616e7469756d2c20726174696f6e652c2071756f64206e616d206c61626f72756d20646f6c6f72756d206c61626f7265206f6d6e6973206d61676e616d207061726961747572206469676e697373696d6f732c20636f72706f7269733f204f64696f20646562697469732073696d696c6971756520646f6c6f72656d717565207175617320667567696174206e6f626973206d6f6c65737469617320756c6c616d206c617564616e7469756d207265696369656e6469732e2044697374696e6374696f20636f727275707469206e756c6c6120766f6c7570746174656d206e6968696c20696e76656e746f726520636f6e736563746574757220646f6c6f726520726570656c6c6174207665726f20756e6465206e6f62697320696e2076656c697420726570726568656e64657269742073697420706f72726f20626c616e6469746969732c20766f6c7570746174696275732c206576656e69657420717561657261742e205065727370696369617469732c20616c69717569642c2071756f732e20496e76656e746f72652061747175652c207665726f20646f6c6f72657320686172756d207574206e697369206265617461652e2056697461652c20717569612120436f6e736563746574757220646f6c6f72756d2066756769617420697073612074656d706f7269627573207665726f2c20616c6971756964206e6f6269732074656e6574757220696e636964756e74206d61696f726573206e65636573736974617469627573207265637573616e646165206d6f646920656c6967656e646920616e696d692075742c206572726f72206d696e696d61206c61626f72756d20766f6c75707461746962757320697073616d2e2056656c2071756f642c20657420656120756c6c616d2c206d6f6c6573746961652071756964656d207574207072616573656e7469756d206d696e696d612070726f766964656e742064697374696e6374696f206170657269616d20696e636964756e74206e65736369756e74206974617175652c206c696265726f206173706572696f72657320697572652074656d706f72696275732e20536571756920646f6c6f72656d206e65636573736974617469627573206869632063756d20766f6c75707461746573207061726961747572206d6f6c6573746961732c2064656c65637475732076656e69616d2065786365707475726920696e636964756e74206173706572696f726573206573742065756d2069707361206f646974207265696369656e64697320706c6163656174206e616d20616c6971756964206576656e69657420656120717569612c206e6571756520616220666163696c6973206163637573616e7469756d2e20457420706c6163656174206120616c697175616d206c61626f726520646f6c6f72756d206675676974206f66666963696120746f74616d206e6174757320636f6e73657175756e7475723f3c2f703e),
(5, 'Menu 3', 0x3c70207374796c653d22746578742d616c69676e3a206a7573746966793b223e3c7374726f6e673e4c6f72656d20697073756d20646f6c6f722073697420616d65742c20636f6e7365637465747572206164697069736963696e6720656c69742e20446f6c6f72656d2065787065646974612c20646f6c6f72652064697374696e6374696f20612073657175692065756d206c696265726f20726570656c6c61742061646970697363692071756f73206d61696f72657320726572756d2076656c20726570726568656e646572697420696e76656e746f7265206172636869746563746f20706f72726f20657373652070617269617475722c2071756f20737573636970697420616c6971756964207665726f2e204869632072656d2c206f66666963696120646f6c6f722061642066756761206e6174757320746f74616d20667567696174206469676e697373696d6f73206e6968696c206661636572652c20726570656c6c61742c20766f6c7570746174657320736f6c75746120647563696d757320657865726369746174696f6e656d206d61676e6920636f6e7365637465747572206d61696f72657320617574656d206572726f722064656c656e69746920656171756520646f6c6f7265207265696369656e646973206c617564616e7469756d207175617369213c2f7374726f6e673e3c2f703e0d0a3c70207374796c653d22746578742d616c69676e3a206a7573746966793b223e266e6273703b3c2f703e0d0a3c70207374796c653d22746578742d616c69676e3a206a7573746966793b223e416420697374652069746171756520656c6967656e64692065737420736564206163637573616e7469756d2c206465736572756e74207265637573616e646165206174206f7074696f2071756973206d61676e616d2072656d2c20706f72726f2074656d706f7269627573207065727370696369617469732064656c656e697469206d6f6c6c69746961206e6f737472756d20617471756520726570656c6c656e6475732065737365206f666669636961206375706964697461746520636f6e73657175756e7475722e204173706572696f72657320636f6e73657175756e7475722c20656f732076656c20696c6c6f20646f6c6f72656d2071756f642c20646f6c6f72656d71756520726570756469616e64616520706572737069636961746973206c696265726f2071756165207265637573616e6461652c20726570726568656e64657269742063756d20697073616d20656172756d2076656c697420756c6c616d20646f6c6f72657320756e64652061622120566f6c7570746174756d207265696369656e6469732c206c617564616e7469756d2064697374696e6374696f2061622071756961206170657269616d20636f6e73657175756e74757220697573746f2073696e74206174207665726974617469732071756920616469706973636920696e76656e746f72652064656c65637475732063756d717565206172636869746563746f206c61626f72652069757265207175616572617420656c6967656e646921205175616520636f6e73657175617475722071756165726174206e6f6e20617574206964207265696369656e64697320646f6c6f72656d717565207061726961747572206f6469742071756f6420726570656c6c61742e2043756c7061206174206e6f6e206e756c6c6120766f6c7570746173206469676e697373696d6f73206c61626f72652c20646f6c6f722c20697073616d2c2064656c656e69746920646f6c6f7269627573206f7074696f2063756d7175652c2074656e657475722e2044697374696e6374696f2c2074656d706f72652c20657373652120457820617574656d20657865726369746174696f6e656d2c2065786365707475726920617373756d656e6461206f64696f2063757069646974617465206d6f6c6c6974696120766f6c7570746174756d2e2051756f642c20706572666572656e646973212049746171756520646562697469732071756920646f6c6f726962757320706c61636561742061622071756f6420766f6c7570746174657320697073756d20646f6c6f722063756c706120636f6d6d6f6469206d61676e616d2c206e6f737472756d20696c6c6f2064697374696e6374696f2069642071756964656d2073696d696c697175652c2072656d2c206e656d6f2070657273706963696174697320756c6c616d20646f6c6f72656d71756520617420616c6961732e20536571756920636f72727570746920657373652c206f666669636961206c61626f72756d2c206c696265726f206e617475733c2f703e0d0a3c70207374796c653d22746578742d616c69676e3a206a7573746966793b223e637570696469746174652072656d206e65636573736974617469627573207072616573656e7469756d2c2074656d706f726120706f72726f207175616520766f6c757074617320626c616e64697469697320696d70656469742e2051756f20636f727275707469207369742c20646f6c6f7269627573206561206e65717565206c617564616e7469756d206973746520666163696c697320636f6e73656374657475722c206578706c696361626f2c2071756920766f6c757074617469627573206f66666963696120766f6c7570746174756d20736f6c7574612e20517569206d61676e616d20696d7065646974206173706572696f7265732120446f6c6f72656d717565206d61676e616d207175692c206d6f6c657374696165206e6968696c2071756173206f66666963696973206c696265726f2076656c6974206e6571756520746f74616d2074656d706f726120736f6c7574612c20646963746120756e6465206e6f62697320766f6c7570746174756d207574206561717565207361657065206e616d2070726f766964656e742e20456f7320696d70656469742c20717561736920706c61636561742064697374696e6374696f2c206173706572696f72657320657820696e76656e746f72652c2071756973206d61676e616d20646f6c6f72206f66666963696973206d6f64692065756d2c2065617175652063756c706120766f6c75707461733f20457865726369746174696f6e656d206d6178696d65207072616573656e7469756d206c696265726f20766f6c7570746173206f66666963696973206d61676e616d2073616570652c206173706572696f7265732071756f642069642064697374696e6374696f20736571756920726570756469616e6461652076656c6974206175742c20697073616d2061737065726e617475722069746171756520766f6c7570746174656d2074656d706f726120706c61636561742065617175652069757265206578706c696361626f2068696320647563696d75732061747175652071756962757364616d2e204265617461652c207265696369656e646973207175616d207072616573656e7469756d207375736369706974206d6f6c65737469616520696d706564697420656c6967656e64692e20456172756d2074656d706f72696275732065737365206c61626f7265207365642e20497374652066756769617420657820617574656d2c206164206d6f6c65737469617320656171756520616d65742e20556e64652070726f766964656e74206e65636573736974617469627573206163637573616d75732065782072656d206576656e696574207175696120736f6c75746120647563696d757320717569732c20646f6c6f726962757320717569737175616d20717569206d6f64692063756d20717561657261743f204f6666696369612c2065737365206c617564616e7469756d20706f72726f20766f6c75707461732069757265206174717565206e6f737472756d2064656269746973206f666669636969732e204e6f62697320657374206569757320686172756d2073656420726570756469616e646165206e6968696c20646f6c6f72696275732065782c20717569206975726520697573746f20746f74616d206c617564616e7469756d2c20726174696f6e652c2071756f64206e616d206c61626f72756d20646f6c6f72756d206c61626f7265206f6d6e6973206d61676e616d207061726961747572206469676e697373696d6f732c20636f72706f7269733f204f64696f20646562697469732073696d696c6971756520646f6c6f72656d717565207175617320667567696174206e6f626973206d6f6c65737469617320756c6c616d206c617564616e7469756d207265696369656e6469732e2044697374696e6374696f20636f727275707469206e756c6c6120766f6c7570746174656d206e6968696c20696e76656e746f726520636f6e736563746574757220646f6c6f726520726570656c6c6174207665726f20756e6465206e6f62697320696e2076656c697420726570726568656e64657269742073697420706f72726f20626c616e6469746969732c20766f6c7570746174696275732c206576656e69657420717561657261742e205065727370696369617469732c20616c69717569642c2071756f732e20496e76656e746f72652061747175652c207665726f20646f6c6f72657320686172756d207574206e697369206265617461652e2056697461652c20717569612120436f6e736563746574757220646f6c6f72756d2066756769617420697073612074656d706f7269627573207665726f2c20616c6971756964206e6f6269732074656e6574757220696e636964756e74206d61696f726573206e65636573736974617469627573207265637573616e646165206d6f646920656c6967656e646920616e696d692075742c206572726f72206d696e696d61206c61626f72756d20766f6c75707461746962757320697073616d2e2056656c2071756f642c20657420656120756c6c616d2c206d6f6c6573746961652071756964656d207574207072616573656e7469756d206d696e696d612070726f766964656e742064697374696e6374696f206170657269616d20696e636964756e74206e65736369756e74206974617175652c206c696265726f206173706572696f72657320697572652074656d706f72696275732e20536571756920646f6c6f72656d206e65636573736974617469627573206869632063756d20766f6c75707461746573207061726961747572206d6f6c6573746961732c2064656c65637475732076656e69616d2065786365707475726920696e636964756e74206173706572696f726573206573742065756d2069707361206f646974207265696369656e64697320706c6163656174206e616d20616c6971756964206576656e69657420656120717569612c206e6571756520616220666163696c6973206163637573616e7469756d2e20457420706c6163656174206120616c697175616d206c61626f726520646f6c6f72756d206675676974206f66666963696120746f74616d206e6174757320636f6e73657175756e7475723f3c2f703e),
(8, 'FAQ', 0x3c623e657277663c2f623e),
(7, 'Contact', 0x3c70207374796c653d22746578742d616c69676e3a206a7573746966793b223e3c7374726f6e673e4c6f72656d20697073756d20646f6c6f722073697420616d65742c20636f6e7365637465747572206164697069736963696e6720656c69742e20446f6c6f72656d2065787065646974612c20646f6c6f72652064697374696e6374696f20612073657175692065756d206c696265726f20726570656c6c61742061646970697363692071756f73206d61696f72657320726572756d2076656c20726570726568656e646572697420696e76656e746f7265206172636869746563746f20706f72726f20657373652070617269617475722c2071756f20737573636970697420616c6971756964207665726f2e204869632072656d2c206f66666963696120646f6c6f722061642066756761206e6174757320746f74616d20667567696174206469676e697373696d6f73206e6968696c206661636572652c20726570656c6c61742c20766f6c7570746174657320736f6c75746120647563696d757320657865726369746174696f6e656d206d61676e6920636f6e7365637465747572206d61696f72657320617574656d206572726f722064656c656e69746920656171756520646f6c6f7265207265696369656e646973206c617564616e7469756d207175617369213c2f7374726f6e673e3c2f703e0d0a3c70207374796c653d22746578742d616c69676e3a206a7573746966793b223e266e6273703b3c2f703e0d0a3c70207374796c653d22746578742d616c69676e3a206a7573746966793b223e416420697374652069746171756520656c6967656e64692065737420736564206163637573616e7469756d2c206465736572756e74207265637573616e646165206174206f7074696f2071756973206d61676e616d2072656d2c20706f72726f2074656d706f7269627573207065727370696369617469732064656c656e697469206d6f6c6c69746961206e6f737472756d20617471756520726570656c6c656e6475732065737365206f666669636961206375706964697461746520636f6e73657175756e7475722e204173706572696f72657320636f6e73657175756e7475722c20656f732076656c20696c6c6f20646f6c6f72656d2071756f642c20646f6c6f72656d71756520726570756469616e64616520706572737069636961746973206c696265726f2071756165207265637573616e6461652c20726570726568656e64657269742063756d20697073616d20656172756d2076656c697420756c6c616d20646f6c6f72657320756e64652061622120566f6c7570746174756d207265696369656e6469732c206c617564616e7469756d2064697374696e6374696f2061622071756961206170657269616d20636f6e73657175756e74757220697573746f2073696e74206174207665726974617469732071756920616469706973636920696e76656e746f72652064656c65637475732063756d717565206172636869746563746f206c61626f72652069757265207175616572617420656c6967656e646921205175616520636f6e73657175617475722071756165726174206e6f6e20617574206964207265696369656e64697320646f6c6f72656d717565207061726961747572206f6469742071756f6420726570656c6c61742e2043756c7061206174206e6f6e206e756c6c6120766f6c7570746173206469676e697373696d6f73206c61626f72652c20646f6c6f722c20697073616d2c2064656c656e69746920646f6c6f7269627573206f7074696f2063756d7175652c2074656e657475722e2044697374696e6374696f2c2074656d706f72652c20657373652120457820617574656d20657865726369746174696f6e656d2c2065786365707475726920617373756d656e6461206f64696f2063757069646974617465206d6f6c6c6974696120766f6c7570746174756d2e2051756f642c20706572666572656e646973212049746171756520646562697469732071756920646f6c6f726962757320706c61636561742061622071756f6420766f6c7570746174657320697073756d20646f6c6f722063756c706120636f6d6d6f6469206d61676e616d2c206e6f737472756d20696c6c6f2064697374696e6374696f2069642071756964656d2073696d696c697175652c2072656d2c206e656d6f2070657273706963696174697320756c6c616d20646f6c6f72656d71756520617420616c6961732e20536571756920636f72727570746920657373652c206f666669636961206c61626f72756d2c206c696265726f206e617475733c2f703e0d0a3c70207374796c653d22746578742d616c69676e3a206a7573746966793b223e637570696469746174652072656d206e65636573736974617469627573207072616573656e7469756d2c2074656d706f726120706f72726f207175616520766f6c757074617320626c616e64697469697320696d70656469742e2051756f20636f727275707469207369742c20646f6c6f7269627573206561206e65717565206c617564616e7469756d206973746520666163696c697320636f6e73656374657475722c206578706c696361626f2c2071756920766f6c757074617469627573206f66666963696120766f6c7570746174756d20736f6c7574612e20517569206d61676e616d20696d7065646974206173706572696f7265732120446f6c6f72656d717565206d61676e616d207175692c206d6f6c657374696165206e6968696c2071756173206f66666963696973206c696265726f2076656c6974206e6571756520746f74616d2074656d706f726120736f6c7574612c20646963746120756e6465206e6f62697320766f6c7570746174756d207574206561717565207361657065206e616d2070726f766964656e742e20456f7320696d70656469742c20717561736920706c61636561742064697374696e6374696f2c206173706572696f72657320657820696e76656e746f72652c2071756973206d61676e616d20646f6c6f72206f66666963696973206d6f64692065756d2c2065617175652063756c706120766f6c75707461733f20457865726369746174696f6e656d206d6178696d65207072616573656e7469756d206c696265726f20766f6c7570746173206f66666963696973206d61676e616d2073616570652c206173706572696f7265732071756f642069642064697374696e6374696f20736571756920726570756469616e6461652076656c6974206175742c20697073616d2061737065726e617475722069746171756520766f6c7570746174656d2074656d706f726120706c61636561742065617175652069757265206578706c696361626f2068696320647563696d75732061747175652071756962757364616d2e204265617461652c207265696369656e646973207175616d207072616573656e7469756d207375736369706974206d6f6c65737469616520696d706564697420656c6967656e64692e20456172756d2074656d706f72696275732065737365206c61626f7265207365642e20497374652066756769617420657820617574656d2c206164206d6f6c65737469617320656171756520616d65742e20556e64652070726f766964656e74206e65636573736974617469627573206163637573616d75732065782072656d206576656e696574207175696120736f6c75746120647563696d757320717569732c20646f6c6f726962757320717569737175616d20717569206d6f64692063756d20717561657261743f204f6666696369612c2065737365206c617564616e7469756d20706f72726f20766f6c75707461732069757265206174717565206e6f737472756d2064656269746973206f666669636969732e204e6f62697320657374206569757320686172756d2073656420726570756469616e646165206e6968696c20646f6c6f72696275732065782c20717569206975726520697573746f20746f74616d206c617564616e7469756d2c20726174696f6e652c2071756f64206e616d206c61626f72756d20646f6c6f72756d206c61626f7265206f6d6e6973206d61676e616d207061726961747572206469676e697373696d6f732c20636f72706f7269733f204f64696f20646562697469732073696d696c6971756520646f6c6f72656d717565207175617320667567696174206e6f626973206d6f6c65737469617320756c6c616d206c617564616e7469756d207265696369656e6469732e2044697374696e6374696f20636f727275707469206e756c6c6120766f6c7570746174656d206e6968696c20696e76656e746f726520636f6e736563746574757220646f6c6f726520726570656c6c6174207665726f20756e6465206e6f62697320696e2076656c697420726570726568656e64657269742073697420706f72726f20626c616e6469746969732c20766f6c7570746174696275732c206576656e69657420717561657261742e205065727370696369617469732c20616c69717569642c2071756f732e20496e76656e746f72652061747175652c207665726f20646f6c6f72657320686172756d207574206e697369206265617461652e2056697461652c20717569612120436f6e736563746574757220646f6c6f72756d2066756769617420697073612074656d706f7269627573207665726f2c20616c6971756964206e6f6269732074656e6574757220696e636964756e74206d61696f726573206e65636573736974617469627573207265637573616e646165206d6f646920656c6967656e646920616e696d692075742c206572726f72206d696e696d61206c61626f72756d20766f6c75707461746962757320697073616d2e2056656c2071756f642c20657420656120756c6c616d2c206d6f6c6573746961652071756964656d207574207072616573656e7469756d206d696e696d612070726f766964656e742064697374696e6374696f206170657269616d20696e636964756e74206e65736369756e74206974617175652c206c696265726f206173706572696f72657320697572652074656d706f72696275732e20536571756920646f6c6f72656d206e65636573736974617469627573206869632063756d20766f6c75707461746573207061726961747572206d6f6c6573746961732c2064656c65637475732076656e69616d2065786365707475726920696e636964756e74206173706572696f726573206573742065756d2069707361206f646974207265696369656e64697320706c6163656174206e616d20616c6971756964206576656e69657420656120717569612c206e6571756520616220666163696c6973206163637573616e7469756d2e20457420706c6163656174206120616c697175616d206c61626f726520646f6c6f72756d206675676974206f66666963696120746f74616d206e6174757320636f6e73657175756e7475723f3c2f703e);

-- --------------------------------------------------------

--
-- Структура таблицы `plan`
--

CREATE TABLE `plan` (
  `id` int(11) NOT NULL,
  `name` varchar(255) NOT NULL,
  `options` text NOT NULL,
  `price` float NOT NULL,
  `info` varchar(190) DEFAULT NULL,
  `days` int(11) NOT NULL
) ENGINE=MyISAM DEFAULT CHARSET=utf8;

--
-- Дамп данных таблицы `plan`
--

INSERT INTO `plan` (`id`, `name`, `options`, `price`, `info`, `days`) VALUES
(1, 'Promo', 'a:8:{i:0;s:28:"10 Mbps down / 1 Mbps upksad";i:1;s:20:"Unlimaited Bandwidth";i:2;s:16:"Streaming Server";i:3;s:7:"Live TV";i:4;s:14:"Torrent Server";i:5;s:23:"data upgrades available";i:6;s:23:"No Installation Charges";i:7;s:22:"24/7 online Support NA";}', 1, 'P1 - 01 Day', 1),
(2, 'Starter', 'a:8:{i:0;s:24:"10 Mbps down / 1 Mbps up";i:1;s:20:"Unlimaited Bandwidth";i:2;s:16:"Streaming Server";i:3;s:7:"Live TV";i:4;s:14:"Torrent Server";i:5;s:23:"data upgrades available";i:6;s:23:"No Installation Charges";i:7;s:19:"24/7 online Support";}', 3, 'P2 - 07 Days', 7),
(3, 'Standart', 'a:8:{i:0;s:24:"10 Mbps down / 1 Mbps up";i:1;s:20:"Unlimaited Bandwidth";i:2;s:16:"Streaming Server";i:3;s:7:"Live TV";i:4;s:14:"Torrent Server";i:5;s:23:"data upgrades available";i:6;s:23:"No Installation Charges";i:7;s:19:"24/7 online Support";}', 5, 'P3 - 30 Days', 30),
(4, 'Silver', 'a:8:{i:0;s:37:"10 Mbps down / 1 Mbps up Plan Updated";i:1;s:20:"Unlimaited Bandwidth";i:2;s:16:"Streaming Server";i:3;s:7:"Live TV";i:4;s:14:"Torrent Server";i:5;s:23:"data upgrades available";i:6;s:23:"No Installation Charges";i:7;s:19:"24/7 online Support";}', 28, 'P4 - 180 Days', 180),
(6, 'Gold', 'a:8:{i:0;s:37:"10 Mbps down / 1 Mbps up Plan Updated";i:1;s:20:"Unlimaited Bandwidth";i:2;s:16:"Streaming Server";i:3;s:7:"Live TV";i:4;s:14:"Torrent Server";i:5;s:23:"data upgrades available";i:6;s:23:"No Installation Charges";i:7;s:19:"24/7 online Support";}', 50, 'P4 - 365 Days', 365);

-- --------------------------------------------------------

--
-- Структура таблицы `platforms`
--

CREATE TABLE `platforms` (
  `id` int(11) NOT NULL,
  `name` varchar(100) NOT NULL,
  `slug` varchar(100) DEFAULT NULL,
  `type` varchar(60) NOT NULL,
  `os` varchar(100) NOT NULL,
  `dop_info` text
) ENGINE=InnoDB DEFAULT CHARSET=utf8;

--
-- Дамп данных таблицы `platforms`
--

INSERT INTO `platforms` (`id`, `name`, `slug`, `type`, `os`, `dop_info`) VALUES
(2, 'IPTV player', '2_iptv-player', 'computer', 'Windows', NULL),
(3, 'KODI', '3_kodi', 'computer', 'Windows, MacOS X, iOS, Android, Linux, и другие', NULL),
(4, 'IPTV player', '4_iptv-player', 'android', '', ''),
(5, 'LazyIPTV', '5_lazyiptv', 'android', '', ''),
(6, 'KODI', '6_kodi', 'android', '', ''),
(7, 'Emulation IPTV player', '7_emulation-iptv-player', 'android', '', ''),
(8, 'IPTV+ for Apple TV', '8_iptv-for-apple-tv', 'apple', '', ''),
(9, 'MAG250', '9_mag250', 'mplayer', '', ''),
(10, 'IPTVplayer', '10_iptvplayer', 'mplayer', '', ''),
(11, 'LazyIPTV', '11_lazyiptv', 'mplayer', '', ''),
(12, 'STALKER', '12_stalker', 'mplayer', '', ''),
(13, 'Smart IPTV', '13_smart-iptv', 'tv', '', '');

-- --------------------------------------------------------

--
-- Структура таблицы `posts`
--

CREATE TABLE `posts` (
  `id` int(11) NOT NULL,
  `title` varchar(200) NOT NULL,
  `content` text NOT NULL,
  `created_at` timestamp NULL DEFAULT NULL,
  `updated_at` timestamp NULL DEFAULT NULL
) ENGINE=InnoDB DEFAULT CHARSET=utf8;

--
-- Дамп данных таблицы `posts`
--

INSERT INTO `posts` (`id`, `title`, `content`, `created_at`, `updated_at`) VALUES
(1, 'Добавлены новые каналы', '<strong style="margin-top:1%;display:block;">Отличная новость для пользователей сервиса 911 tv! </strong>\n<br>\n<p>Уважаемые пользователи, мы увеличили перечень каналов доступных <strong>Вам</strong> для просмотра!</p>\n<br>\n<p>Среди них: <b>Eureka HD</b>, <b>Travel+Adventure</b>, <b>Телепутешествия HD</b> и многие другие.</p>\n<br>\n<p>Полный список новых каналов <strong>Вы</strong> можете найти здесь <a href="/#catalog">Каталог</a></p>\n<br>\n<strong>Приятного просмотра!</strong>', '2018-01-29 18:00:00', NULL);

-- --------------------------------------------------------

--
-- Структура таблицы `services`
--

CREATE TABLE `services` (
  `id` int(11) NOT NULL,
  `name` varchar(255) NOT NULL,
  `stext` text NOT NULL,
  `icon` varchar(255) NOT NULL
) ENGINE=MyISAM DEFAULT CHARSET=utf8;

--
-- Дамп данных таблицы `services`
--

INSERT INTO `services` (`id`, `name`, `stext`, `icon`) VALUES
(1, 'SECURE INTERNET2', 'Lorem ipsum dolor sit amet, consectetur adipisicing elit, sed do eiusmod tempor incididunt ut labore et dolore magna', 'fa-lock'),
(2, 'NETWORK INSTALMENT', 'Lorem ipsum dolor sit amet, consectetur adipisicing elit, sed do eiusmod tempor incididunt ut labore et dolore magna', 'fa-cog'),
(3, 'DEDICATED INTERNET ACCESS', 'Lorem ipsum dolor sit amet, consectetur adipisicing elit, sed do eiusmod tempor incididunt ut labore et dolore magna', 'fa-wifi'),
(4, 'SUPER FAST DOWNLOAD', 'Lorem ipsum dolor sit amet, consectetur adipisicing elit, sed do eiusmod tempor incididunt ut labore et dolore magna', 'fa-download'),
(5, '24X7 DEDICATED SUPPORT', 'Lorem ipsum dolor sit amet, consectetur adipisicing elit, sed do eiusmod tempor incididunt ut labore et dolore magna', 'fa-headphones'),
(6, 'Facebook Like', 'Lorem ipsum dolor sit amet, consectetur adipisicing elit, sed do eiusmod tempor incididunt ut labore et dolore magna', 'fa-facebook');

-- --------------------------------------------------------

--
-- Структура таблицы `slider_home`
--

CREATE TABLE `slider_home` (
  `id` int(11) NOT NULL,
  `img` varchar(255) NOT NULL,
  `stext` text NOT NULL
) ENGINE=MyISAM DEFAULT CHARSET=utf8;

--
-- Дамп данных таблицы `slider_home`
--

INSERT INTO `slider_home` (`id`, `img`, `stext`) VALUES
(1, '1484953077.jpg', '<h3>we are <span>globalnet</span></h3>                                         <h2>We Are The Largest Internet Service Provider</h2>                                         <a href="#" class="custom-btn2">get started</a>                                         <a href="pricing.html" class="custom-btn">plans and pricing</a>'),
(2, '1484953116.jpg', '<h3>we are <span>globalnet</span></h3>                                         <h2>We Are The Largest Internet Service Provider</h2>                                         <a href="#" class="custom-btn2">get started</a>                                         <a href="pricing.html" class="custom-btn">plans and pricing</a>'),
(6, '1516981205.jpg', '<h3>we areadad <span>globalnet</span></h3>                                         <h2>We Are The Largest Internet Service Provider</h2>                                         <a href="#" class="custom-btn2">get started</a>                                         <a href="pricing.html" class="custom-btn">plans and pk;ricing</a>'),
(7, '1516981163.jpg', '<h3>we are <span>globalnet</span></h3>                                         <h2>We Are The Largest Internet Service Provider</h2>                                         <a href="#" class="custom-btn2">get started</a>                                         <a href="pricing.html" class="custom-btn">plans and pk;ricing</a>');

-- --------------------------------------------------------

--
-- Структура таблицы `step_post`
--

CREATE TABLE `step_post` (
  `id` int(11) NOT NULL,
  `platform_id` int(11) NOT NULL,
  `content` text NOT NULL,
  `number` int(11) NOT NULL
) ENGINE=InnoDB DEFAULT CHARSET=utf8;

--
-- Дамп данных таблицы `step_post`
--

INSERT INTO `step_post` (`id`, `platform_id`, `content`, `number`) VALUES
(3, 3, '<p>Для установки медиаплеера <strong>Kodi</strong> скачайте программу установки с официального сайта: <a href="http://kodi.tv/download/" target="_blank" rel="noopener">ссылки для загрузки</a>. Установка программы под windows не должна вызвать затруднений, поэтому не будем ее описывать.</p>', 1),
(4, 3, '<p>Запустите программу, дождитесь загрузки и нажмите Далее.</p>\r\n<p class="box-t-margin-5"><img src="/upload/images/shares/iptv-player1.png" alt="" width="483" height="371" /></p>', 2),
(5, 2, 'Для установки <strong>IPTV плеера</strong> скачайте программу с <a target="_blank" href="http://borpas.info/iptvplayer">оффициального сайта</a>.', 1),
(6, 2, 'Запустите программу, дождитесь загрузки и нажмите Далее.\r\n<p class="box-t-margin-5"><img src="/upload/1517556116.2797.png">\r\n								</p>', 2),
(7, 2, 'Выберите "Настройка параметров", уберите все галочки (опционально). Нажмите "Установить".<p class="box-t-margin-5"><img src="/upload/1517556116.5649.png">', 3),
(8, 2, 'После установки нажмите "Готово".<p class="box-t-margin-5"><img src="/upload/1517556347.7057.png">', 4),
(9, 2, 'Запустите установленный плеер с помощью ярлычка на рабочем столе или в меню "Пуск". Выберите "Адрес списка каналов (файл M3U)".\r\n      Скопируйте ссылку персонального плейлиста с <a target="_blank" href="http://kineskop.club/?page=cabinet">вашего личного кабинета</a>. Нажмите "ОК".<p class="box-t-margin-5"><img src="/upload/1517556347.9666.png">', 5),
(10, 2, 'После обновления у вас появится список каналов. Если у вас не показан список каналов, нажмите правой кнопкой мыши по экрану плеера\r\n        и выберите "Список каналов".<p class="box-t-margin-5"><img src="/upload/1517556348.0651.png">', 6),
(11, 2, '<strong>Приятного просмотра!</strong>', 7),
(13, 3, '<p>Выберите необходимый вам язык. В нашем примере - Русский.</p>\r\n<p class="box-t-margin-5"><img src="/upload/1517557925.7795.png" /></p>', 3);

-- --------------------------------------------------------

--
-- Структура таблицы `team`
--

CREATE TABLE `team` (
  `id` int(11) NOT NULL,
  `name` varchar(255) NOT NULL,
  `position` varchar(255) NOT NULL,
  `about` text NOT NULL,
  `img` varchar(255) NOT NULL,
  `social` text NOT NULL
) ENGINE=MyISAM DEFAULT CHARSET=utf8;

--
-- Дамп данных таблицы `team`
--

INSERT INTO `team` (`id`, `name`, `position`, `about`, `img`, `social`) VALUES
(1, 'James Rocky2', 'Founder', 'Lorem ipsum dolor sit amet, consectetur adipisicing elit, sed do eiusmod tempor incididunt', 'http://brothersclub.thesoftking.com/html/globalnet/assets/images/team/01.jpg', 'a:4:{s:8:"facebook";s:12:"facebook.com";s:7:"twitter";s:11:"twitter.com";s:6:"google";s:10:"google.com";s:9:"instagram";s:13:"instagram.com";}'),
(2, 'Edward murphy', 'Manager', 'Lorem ipsum dolor sit amet, consectetur adipisicing elit, sed do eiusmod tempor incididunt', 'http://brothersclub.thesoftking.com/html/globalnet/assets/images/team/02.jpg', 'a:4:{s:8:"facebook";s:12:"facebook.com";s:7:"twitter";s:11:"twitter.com";s:6:"google";s:10:"google.com";s:9:"instagram";s:13:"instagram.com";}'),
(4, 'Lisa Doe', 'Support', 'Lorem ipsum dolor sit amet, consectetur adipisicing elit, sed do eiusmod tempor incididunt', 'http://brothersclub.thesoftking.com/html/globalnet/assets/images/team/04.jpg', 'a:4:{s:8:"facebook";s:12:"facebook.com";s:7:"twitter";s:11:"twitter.com";s:6:"google";s:10:"google.com";s:9:"instagram";s:13:"instagram.com";}'),
(5, 'YH Shanto', 'Developer', 'Something About Shanto', 'https://shanto.thesoftking.com/live/asset/images/1506173604..png', 'a:4:{s:8:"facebook";s:21:"facebook.com/yhshanto";s:7:"twitter";s:20:"twitter.com/yhshanto";s:6:"google";s:10:"google.com";s:9:"instagram";s:13:"instagram.com";}'),
(6, 'asdas', 'asd', 'sakdjlksajldajsdlkj', '1516945021.jpg', 'a:4:{s:8:"facebook";s:5:"adsad";s:7:"twitter";s:9:"askdl;ask";s:6:"google";s:13:"aalskdlaskd;l";s:9:"instagram";s:5:"asdas";}');

-- --------------------------------------------------------

--
-- Структура таблицы `testimonial`
--

CREATE TABLE `testimonial` (
  `id` int(11) NOT NULL,
  `name` varchar(255) NOT NULL,
  `stext` text NOT NULL,
  `rate` varchar(255) NOT NULL,
  `img` varchar(255) NOT NULL
) ENGINE=MyISAM DEFAULT CHARSET=utf8;

--
-- Дамп данных таблицы `testimonial`
--

INSERT INTO `testimonial` (`id`, `name`, `stext`, `rate`, `img`) VALUES
(1, 'Brandon Crossman', 'Lorem ipsum dolor sit amet, consectetur adipisicing elit, sed do eiusmod tempor incididunt ut labore et dolore magna aliqua. Ut enim ad minim veniam, quis nostrud exercitation ullamco laboris nisi ut aliquip ex ea commodo consequat. Duis aute irure dolor in reprehenderit in voluptate velit esse cillum dolore eu fugiat nulla pariatur. Excepteur sint occaecat cupidatat non proident.', '3', 'http://brothersclub.thesoftking.com/html/globalnet/assets/images/client/02.png'),
(2, 'Brandon Crossman', 'Lorem ipsum dolor sit amet, consectetur adipisicing elit, sed do eiusmod tempor incididunt ut labore et dolore magna aliqua. Ut enim ad minim veniam, quis nostrud exercitation ullamco laboris nisi ut aliquip ex ea commodo consequat. Duis aute irure dolor in reprehenderit in voluptate velit esse cillum dolore eu fugiat nulla pariatur. Excepteur sint occaecat cupidatat non proident.', '3', 'http://brothersclub.thesoftking.com/html/globalnet/assets/images/client/02.png'),
(3, 'Brandon Crossman', 'Lorem ipsum dolor sit amet, consectetur adipisicing elit, sed do eiusmod tempor incididunt ut labore et dolore magna aliqua. Ut enim ad minim veniam, quis nostrud exercitation ullamco laboris nisi ut aliquip ex ea commodo consequat. Duis aute irure dolor in reprehenderit in voluptate velit esse cillum dolore eu fugiat nulla pariatur. Excepteur sint occaecat cupidatat non proident.', '3', 'http://brothersclub.thesoftking.com/html/globalnet/assets/images/client/02.png'),
(4, 'Brandon Crossman', 'Lorem ipsum dolor sit amet, consectetur adipisicing elit, sed do eiusmod tempor incididunt ut labore et dolore magna aliqua. Ut enim ad minim veniam, quis nostrud exercitation ullamco laboris nisi ut aliquip ex ea commodo consequat. Duis aute irure dolor in reprehenderit in voluptate velit esse cillum dolore eu fugiat nulla pariatur. Excepteur sint occaecat cupidatat non proident.', '3', 'http://brothersclub.thesoftking.com/html/globalnet/assets/images/client/02.png'),
(5, 'Brandon Crossman', 'Lorem ipsum dolor sit amet, consectetur adipisicing elit, sed do eiusmod tempor incididunt ut labore et dolore magna aliqua. Ut enim ad minim veniam, quis nostrud exercitation ullamco laboris nisi ut aliquip ex ea commodo consequat. Duis aute irure dolor in reprehenderit in voluptate velit esse cillum dolore eu fugiat nulla pariatur. Excepteur sint occaecat cupidatat non proident.', '3', 'http://brothersclub.thesoftking.com/html/globalnet/assets/images/client/02.png'),
(6, 'Brandon Crossman', 'Lorem ipsum dolor sit amet, consectetur adipisicing elit, sed do eiusmod tempor incididunt ut labore et dolore magna aliqua. Ut enim ad minim veniam, quis nostrud exercitation ullamco laboris nisi ut aliquip ex ea commodo consequat. Duis aute irure dolor in reprehenderit in voluptate velit esse cillum dolore eu fugiat nulla pariatur. Excepteur sint occaecat cupidatat non proident.', '3', 'http://brothersclub.thesoftking.com/html/globalnet/assets/images/client/02.png'),
(8, 'weqwe;lkwqeasdsdsasdas asd', 'assd', '1', '1516948606.jpg');

-- --------------------------------------------------------

--
-- Структура таблицы `users`
--

CREATE TABLE `users` (
  `id` int(11) NOT NULL,
  `username` varchar(100) NOT NULL,
  `email` varchar(100) NOT NULL,
  `phone` varchar(255) DEFAULT NULL,
  `fname` varchar(100) DEFAULT NULL,
  `lname` varchar(100) DEFAULT NULL,
  `password` varchar(191) NOT NULL,
  `utype` varchar(1) NOT NULL DEFAULT '0',
  `pkgend` varchar(255) NOT NULL DEFAULT '0',
  `regtm` varchar(255) NOT NULL,
  `remember_token` varchar(100) DEFAULT NULL,
  `email_activate_token` varchar(100) DEFAULT NULL,
  `account_status` varchar(10) DEFAULT NULL,
  `paypal_email` varchar(200) DEFAULT NULL,
  `yandex_tel_num` varchar(200) DEFAULT NULL,
  `qiwi_tel_num` varchar(200) DEFAULT NULL,
  `wmid` varchar(200) DEFAULT NULL,
  `partner_code` varchar(5) DEFAULT NULL,
  `boss_parent_id` int(11) DEFAULT NULL,
  `channels_code` int(4) DEFAULT NULL
) ENGINE=MyISAM DEFAULT CHARSET=utf8;

--
-- Дамп данных таблицы `users`
--

INSERT INTO `users` (`id`, `username`, `email`, `phone`, `fname`, `lname`, `password`, `utype`, `pkgend`, `regtm`, `remember_token`, `email_activate_token`, `account_status`, `paypal_email`, `yandex_tel_num`, `qiwi_tel_num`, `wmid`, `partner_code`, `boss_parent_id`, `channels_code`) VALUES
(53, 'abirkhan75', 'abirkhan75@gmail.com', '017370427941', 'Abir', 'Khan', '9ab209d66a9bf2250d7f56cc4b3b125d', '2', '1646163200', '1484948063', '', NULL, NULL, NULL, NULL, NULL, NULL, NULL, NULL, NULL),
(67, 'ultrasp', 'ultrasp@mail.ru', NULL, NULL, NULL, '$2y$10$AytXKl0fyX5EEAZbJKJuSelCX/qBuVUZHHm1waAxU1G2CB25keIGi', '0', '0', '1517477779', 'sZdKA4JVEYLqS5OgMixwwxLTiQma9ldVSUhbT4aav1vcjGkfsXh1MHazrVXq', '51GWDY5vDOHWo4dm', 'inactive', NULL, NULL, NULL, NULL, 'bHxYi', NULL, NULL);

--
-- Индексы сохранённых таблиц
--

--
-- Индексы таблицы `add_bal`
--
ALTER TABLE `add_bal`
  ADD PRIMARY KEY (`id`);

--
-- Индексы таблицы `admin`
--
ALTER TABLE `admin`
  ADD PRIMARY KEY (`id`),
  ADD UNIQUE KEY `username` (`username`);

--
-- Индексы таблицы `channel`
--
ALTER TABLE `channel`
  ADD PRIMARY KEY (`id`);

--
-- Индексы таблицы `features`
--
ALTER TABLE `features`
  ADD PRIMARY KEY (`id`);

--
-- Индексы таблицы `feedback`
--
ALTER TABLE `feedback`
  ADD PRIMARY KEY (`id`);

--
-- Индексы таблицы `forgot_pass`
--
ALTER TABLE `forgot_pass`
  ADD PRIMARY KEY (`id`),
  ADD UNIQUE KEY `code` (`code`);

--
-- Индексы таблицы `general_setting`
--
ALTER TABLE `general_setting`
  ADD PRIMARY KEY (`id`);

--
-- Индексы таблицы `menus`
--
ALTER TABLE `menus`
  ADD PRIMARY KEY (`id`);

--
-- Индексы таблицы `plan`
--
ALTER TABLE `plan`
  ADD PRIMARY KEY (`id`);

--
-- Индексы таблицы `platforms`
--
ALTER TABLE `platforms`
  ADD PRIMARY KEY (`id`);

--
-- Индексы таблицы `posts`
--
ALTER TABLE `posts`
  ADD PRIMARY KEY (`id`);

--
-- Индексы таблицы `services`
--
ALTER TABLE `services`
  ADD PRIMARY KEY (`id`);

--
-- Индексы таблицы `slider_home`
--
ALTER TABLE `slider_home`
  ADD PRIMARY KEY (`id`);

--
-- Индексы таблицы `step_post`
--
ALTER TABLE `step_post`
  ADD PRIMARY KEY (`id`);

--
-- Индексы таблицы `team`
--
ALTER TABLE `team`
  ADD PRIMARY KEY (`id`);

--
-- Индексы таблицы `testimonial`
--
ALTER TABLE `testimonial`
  ADD PRIMARY KEY (`id`);

--
-- Индексы таблицы `users`
--
ALTER TABLE `users`
  ADD PRIMARY KEY (`id`),
  ADD UNIQUE KEY `email` (`email`);

--
-- AUTO_INCREMENT для сохранённых таблиц
--

--
-- AUTO_INCREMENT для таблицы `add_bal`
--
ALTER TABLE `add_bal`
  MODIFY `id` int(11) NOT NULL AUTO_INCREMENT, AUTO_INCREMENT=2;
--
-- AUTO_INCREMENT для таблицы `channel`
--
ALTER TABLE `channel`
  MODIFY `id` int(11) NOT NULL AUTO_INCREMENT, AUTO_INCREMENT=20;
--
-- AUTO_INCREMENT для таблицы `features`
--
ALTER TABLE `features`
  MODIFY `id` int(11) NOT NULL AUTO_INCREMENT, AUTO_INCREMENT=9;
--
-- AUTO_INCREMENT для таблицы `feedback`
--
ALTER TABLE `feedback`
  MODIFY `id` int(11) NOT NULL AUTO_INCREMENT, AUTO_INCREMENT=9;
--
-- AUTO_INCREMENT для таблицы `forgot_pass`
--
ALTER TABLE `forgot_pass`
  MODIFY `id` int(11) NOT NULL AUTO_INCREMENT, AUTO_INCREMENT=9;
--
-- AUTO_INCREMENT для таблицы `general_setting`
--
ALTER TABLE `general_setting`
  MODIFY `id` int(11) NOT NULL AUTO_INCREMENT, AUTO_INCREMENT=2;
--
-- AUTO_INCREMENT для таблицы `menus`
--
ALTER TABLE `menus`
  MODIFY `id` int(11) NOT NULL AUTO_INCREMENT, AUTO_INCREMENT=10;
--
-- AUTO_INCREMENT для таблицы `plan`
--
ALTER TABLE `plan`
  MODIFY `id` int(11) NOT NULL AUTO_INCREMENT, AUTO_INCREMENT=7;
--
-- AUTO_INCREMENT для таблицы `platforms`
--
ALTER TABLE `platforms`
  MODIFY `id` int(11) NOT NULL AUTO_INCREMENT, AUTO_INCREMENT=14;
--
-- AUTO_INCREMENT для таблицы `posts`
--
ALTER TABLE `posts`
  MODIFY `id` int(11) NOT NULL AUTO_INCREMENT, AUTO_INCREMENT=2;
--
-- AUTO_INCREMENT для таблицы `services`
--
ALTER TABLE `services`
  MODIFY `id` int(11) NOT NULL AUTO_INCREMENT, AUTO_INCREMENT=9;
--
-- AUTO_INCREMENT для таблицы `slider_home`
--
ALTER TABLE `slider_home`
  MODIFY `id` int(11) NOT NULL AUTO_INCREMENT, AUTO_INCREMENT=8;
--
-- AUTO_INCREMENT для таблицы `step_post`
--
ALTER TABLE `step_post`
  MODIFY `id` int(11) NOT NULL AUTO_INCREMENT, AUTO_INCREMENT=14;
--
-- AUTO_INCREMENT для таблицы `team`
--
ALTER TABLE `team`
  MODIFY `id` int(11) NOT NULL AUTO_INCREMENT, AUTO_INCREMENT=7;
--
-- AUTO_INCREMENT для таблицы `testimonial`
--
ALTER TABLE `testimonial`
  MODIFY `id` int(11) NOT NULL AUTO_INCREMENT, AUTO_INCREMENT=9;
--
-- AUTO_INCREMENT для таблицы `users`
--
ALTER TABLE `users`
  MODIFY `id` int(11) NOT NULL AUTO_INCREMENT, AUTO_INCREMENT=68;
/*!40101 SET CHARACTER_SET_CLIENT=@OLD_CHARACTER_SET_CLIENT */;
/*!40101 SET CHARACTER_SET_RESULTS=@OLD_CHARACTER_SET_RESULTS */;
/*!40101 SET COLLATION_CONNECTION=@OLD_COLLATION_CONNECTION */;
